-- MariaDB dump 10.19  Distrib 10.4.32-MariaDB, for Win64 (AMD64)
--
-- Host: localhost    Database: cagayanregionsite_db
-- ------------------------------------------------------
-- Server version	10.4.32-MariaDB

/*!40101 SET @OLD_CHARACTER_SET_CLIENT=@@CHARACTER_SET_CLIENT */;
/*!40101 SET @OLD_CHARACTER_SET_RESULTS=@@CHARACTER_SET_RESULTS */;
/*!40101 SET @OLD_COLLATION_CONNECTION=@@COLLATION_CONNECTION */;
/*!40101 SET NAMES utf8mb4 */;
/*!40103 SET @OLD_TIME_ZONE=@@TIME_ZONE */;
/*!40103 SET TIME_ZONE='+00:00' */;
/*!40014 SET @OLD_UNIQUE_CHECKS=@@UNIQUE_CHECKS, UNIQUE_CHECKS=0 */;
/*!40014 SET @OLD_FOREIGN_KEY_CHECKS=@@FOREIGN_KEY_CHECKS, FOREIGN_KEY_CHECKS=0 */;
/*!40101 SET @OLD_SQL_MODE=@@SQL_MODE, SQL_MODE='NO_AUTO_VALUE_ON_ZERO' */;
/*!40111 SET @OLD_SQL_NOTES=@@SQL_NOTES, SQL_NOTES=0 */;

--
-- Table structure for table `backup_history`
--

DROP TABLE IF EXISTS `backup_history`;
/*!40101 SET @saved_cs_client     = @@character_set_client */;
/*!40101 SET character_set_client = utf8 */;
CREATE TABLE `backup_history` (
  `id` int(11) NOT NULL AUTO_INCREMENT,
  `backup_type` enum('full','database','filesystem','incremental') NOT NULL,
  `filename` varchar(255) NOT NULL,
  `filepath` varchar(500) NOT NULL,
  `file_size` int(11) NOT NULL,
  `status` enum('success','failed') NOT NULL,
  `created_by` int(11) DEFAULT NULL,
  `created_at` timestamp NOT NULL DEFAULT current_timestamp(),
  `notes` text DEFAULT NULL,
  PRIMARY KEY (`id`),
  KEY `created_by` (`created_by`),
  CONSTRAINT `backup_history_ibfk_1` FOREIGN KEY (`created_by`) REFERENCES `personnels` (`id`)
) ENGINE=InnoDB AUTO_INCREMENT=10 DEFAULT CHARSET=utf8mb4 COLLATE=utf8mb4_general_ci;
/*!40101 SET character_set_client = @saved_cs_client */;

--
-- Dumping data for table `backup_history`
--

LOCK TABLES `backup_history` WRITE;
/*!40000 ALTER TABLE `backup_history` DISABLE KEYS */;
INSERT INTO `backup_history` VALUES (1,'full','db_backup_2026-03-25_07-12-27.sql, fs_backup_2026-03-25_07-12-27','../backups/db_backup_2026-03-25_07-12-27.sql, ../backups/fs_backup_2026-03-25_07-12-27/',1996562,'success',1,'2026-03-25 06:12:27','Full backup created'),(2,'full','db_backup_2026-03-25_07-14-38.sql, fs_backup_2026-03-25_07-14-39','../backups/db_backup_2026-03-25_07-14-38.sql, ../backups/fs_backup_2026-03-25_07-14-39/',1996849,'success',1,'2026-03-25 06:14:39','Full backup created'),(3,'full','db_backup_2026-03-25_07-16-42.sql, fs_backup_2026-03-25_07-16-42','../backups/db_backup_2026-03-25_07-16-42.sql, ../backups/fs_backup_2026-03-25_07-16-42/',1997081,'success',1,'2026-03-25 06:16:42','Full backup created'),(4,'full','db_backup_2026-03-25_07-17-04.sql, fs_backup_2026-03-25_07-17-05','../backups/db_backup_2026-03-25_07-17-04.sql, ../backups/fs_backup_2026-03-25_07-17-05/',1997313,'success',1,'2026-03-25 06:17:05','Full backup created'),(5,'full','db_backup_2026-03-25_07-17-06.sql, fs_backup_2026-03-25_07-17-06','../backups/db_backup_2026-03-25_07-17-06.sql, ../backups/fs_backup_2026-03-25_07-17-06/',1997545,'success',1,'2026-03-25 06:17:06','Full backup created'),(6,'full','db_backup_2026-03-25_07-17-23.sql, fs_backup_2026-03-25_07-17-23','../backups/db_backup_2026-03-25_07-17-23.sql, ../backups/fs_backup_2026-03-25_07-17-23/',1997777,'success',1,'2026-03-25 06:17:24','Full backup created'),(7,'filesystem','fs_backup_2026-03-25_07-36-24','../backups/fs_backup_2026-03-25_07-36-24/',1910318,'success',1,'2026-03-25 06:36:24',NULL),(8,'database','db_backup_2026-03-25_07-36-35.sql','../backups/db_backup_2026-03-25_07-36-35.sql',87831,'success',1,'2026-03-25 06:36:35',NULL),(9,'full','db_backup_2026-03-25_07-41-38.sql, fs_backup_2026-03-25_07-41-38','../backups/db_backup_2026-03-25_07-41-38.sql, ../backups/fs_backup_2026-03-25_07-41-38/',2001965,'success',1,'2026-03-25 06:41:39','Full backup created');
/*!40000 ALTER TABLE `backup_history` ENABLE KEYS */;
UNLOCK TABLES;

--
-- Table structure for table `locations`
--

DROP TABLE IF EXISTS `locations`;
/*!40101 SET @saved_cs_client     = @@character_set_client */;
/*!40101 SET character_set_client = utf8 */;
CREATE TABLE `locations` (
  `id` int(11) NOT NULL AUTO_INCREMENT,
  `municipality` varchar(100) NOT NULL,
  `province` varchar(100) NOT NULL,
  PRIMARY KEY (`id`)
) ENGINE=InnoDB AUTO_INCREMENT=94 DEFAULT CHARSET=utf8mb4 COLLATE=utf8mb4_general_ci;
/*!40101 SET character_set_client = @saved_cs_client */;

--
-- Dumping data for table `locations`
--

LOCK TABLES `locations` WRITE;
/*!40000 ALTER TABLE `locations` DISABLE KEYS */;
INSERT INTO `locations` VALUES (1,'Basco','Batanes'),(2,'Itbayat','Batanes'),(3,'Ivana','Batanes'),(4,'Mahatao','Batanes'),(5,'Sabtang','Batanes'),(6,'Uyugan','Batanes'),(7,'Tuguegarao City','Cagayan'),(8,'Abulug','Cagayan'),(9,'Alcala','Cagayan'),(10,'Allacapan','Cagayan'),(11,'Amulung','Cagayan'),(12,'Aparri','Cagayan'),(13,'Baggao','Cagayan'),(14,'Ballesteros','Cagayan'),(15,'Buguey','Cagayan'),(16,'Calayan','Cagayan'),(17,'Camalaniugan','Cagayan'),(18,'Claveria','Cagayan'),(19,'Enrile','Cagayan'),(20,'Gattaran','Cagayan'),(21,'Gonzaga','Cagayan'),(22,'Iguig','Cagayan'),(23,'Lal-Lo','Cagayan'),(24,'Lasam','Cagayan'),(25,'Pamplona','Cagayan'),(26,'Peñablanca','Cagayan'),(27,'Piat','Cagayan'),(28,'Rizal','Cagayan'),(29,'Sanchez-Mira','Cagayan'),(30,'Santa Ana','Cagayan'),(31,'Santa Praxedes','Cagayan'),(32,'Santa Teresita','Cagayan'),(33,'Santo Niño','Cagayan'),(34,'Solana','Cagayan'),(35,'Tuao','Cagayan'),(36,'City of Cauayan','Isabela'),(37,'City of Ilagan','Isabela'),(38,'City of Santiago','Isabela'),(39,'Alicia','Isabela'),(40,'Angadanan','Isabela'),(41,'Aurora','Isabela'),(42,'Benito Soliven','Isabela'),(43,'Burgos','Isabela'),(44,'Cabagan','Isabela'),(45,'Cabatuan','Isabela'),(46,'Cordon','Isabela'),(47,'Dinapigue','Isabela'),(48,'Divilacan','Isabela'),(49,'Echague','Isabela'),(50,'Gamu','Isabela'),(51,'Jones','Isabela'),(52,'Luna','Isabela'),(53,'Maconacon','Isabela'),(54,'Delfin Albano','Isabela'),(55,'Mallig','Isabela'),(56,'Naguilian','Isabela'),(57,'Palanan','Isabela'),(58,'Quezon','Isabela'),(59,'Quirino','Isabela'),(60,'Ramon','Isabela'),(61,'Reina Mercedes','Isabela'),(62,'Roxas','Isabela'),(63,'San Agustin','Isabela'),(64,'San Guillermo','Isabela'),(65,'San Isidro','Isabela'),(66,'San Manuel','Isabela'),(67,'San Mariano','Isabela'),(68,'San Mateo','Isabela'),(69,'San Pablo','Isabela'),(70,'Santa Maria','Isabela'),(71,'Santo Tomas','Isabela'),(72,'Tumauini','Isabela'),(73,'Ambaguio','Nueva Vizcaya'),(74,'Aritao','Nueva Vizcaya'),(75,'Bagabag','Nueva Vizcaya'),(76,'Bambang','Nueva Vizcaya'),(77,'Bayombong','Nueva Vizcaya'),(78,'Diadi','Nueva Vizcaya'),(79,'Dupax del Norte','Nueva Vizcaya'),(80,'Dupax del Sur','Nueva Vizcaya'),(81,'Kasibu','Nueva Vizcaya'),(82,'Kayapa','Nueva Vizcaya'),(83,'Quezon','Nueva Vizcaya'),(84,'Santa Fe','Nueva Vizcaya'),(85,'Solano','Nueva Vizcaya'),(86,'Villaverde','Nueva Vizcaya'),(87,'Alfonso Castaneda','Nueva Vizcaya'),(88,'Aglipay','Quirino'),(89,'Cabarroguis','Quirino'),(90,'Diffun','Quirino'),(91,'Maddela','Quirino'),(92,'Saguday','Quirino'),(93,'Nagtipunan','Quirino');
/*!40000 ALTER TABLE `locations` ENABLE KEYS */;
UNLOCK TABLES;

--
-- Table structure for table `notifications`
--

DROP TABLE IF EXISTS `notifications`;
/*!40101 SET @saved_cs_client     = @@character_set_client */;
/*!40101 SET character_set_client = utf8 */;
CREATE TABLE `notifications` (
  `id` int(11) NOT NULL AUTO_INCREMENT,
  `user_id` int(11) NOT NULL,
  `type` varchar(50) NOT NULL,
  `title` varchar(255) NOT NULL,
  `message` text NOT NULL,
  `related_id` int(11) DEFAULT NULL,
  `is_read` tinyint(1) DEFAULT 0,
  `created_at` timestamp NOT NULL DEFAULT current_timestamp(),
  PRIMARY KEY (`id`),
  KEY `idx_user_unread` (`user_id`,`is_read`),
  KEY `idx_type_created` (`type`,`created_at`),
  CONSTRAINT `notifications_ibfk_1` FOREIGN KEY (`user_id`) REFERENCES `users` (`id`) ON DELETE CASCADE
) ENGINE=InnoDB AUTO_INCREMENT=70 DEFAULT CHARSET=utf8mb4 COLLATE=utf8mb4_general_ci;
/*!40101 SET character_set_client = @saved_cs_client */;

--
-- Dumping data for table `notifications`
--

LOCK TABLES `notifications` WRITE;
/*!40000 ALTER TABLE `notifications` DISABLE KEYS */;
INSERT INTO `notifications` VALUES (18,1,'ticket_created','New Ticket Created: F-SMART-2026-0001','Ticket F-SMART-2026-0001 has been created for site Agguirit Elementary School Faculty Building by JANET T. CATINOY.',15,1,'2026-03-06 06:40:39'),(19,4,'ticket_created','New Ticket Created: F-SMART-2026-0001','Ticket F-SMART-2026-0001 has been created for site Agguirit Elementary School Faculty Building by JANET T. CATINOY.',15,1,'2026-03-06 06:40:39'),(20,1,'ticket_created','New Ticket Created: F-SMART-2026-0002','Ticket F-SMART-2026-0002 has been created for site Agguirit Elementary School Grade 6 Building by JANET T. CATINOY.',16,1,'2026-03-06 06:40:39'),(21,4,'ticket_created','New Ticket Created: F-SMART-2026-0002','Ticket F-SMART-2026-0002 has been created for site Agguirit Elementary School Grade 6 Building by JANET T. CATINOY.',16,1,'2026-03-06 06:40:39'),(22,1,'ticket_created','New Ticket Created: F-SMART-2026-0003','Ticket F-SMART-2026-0003 has been created for site Alcala West Central School - Cataraoan Annex GRADE 2 by JANET T. CATINOY.',17,1,'2026-03-06 06:40:39'),(23,4,'ticket_created','New Ticket Created: F-SMART-2026-0003','Ticket F-SMART-2026-0003 has been created for site Alcala West Central School - Cataraoan Annex GRADE 2 by JANET T. CATINOY.',17,1,'2026-03-06 06:40:39'),(24,1,'ticket_created','New Ticket Created: F-SMART-2026-0004','Ticket F-SMART-2026-0004 has been created for site Bicud Elementary School Grade 3 Building by JANET T. CATINOY.',18,1,'2026-03-09 03:59:26'),(25,4,'ticket_created','New Ticket Created: F-SMART-2026-0004','Ticket F-SMART-2026-0004 has been created for site Bicud Elementary School Grade 3 Building by JANET T. CATINOY.',18,1,'2026-03-09 03:59:26'),(26,1,'ticket_created','New Ticket Created: F-SMART-2026-0005','Ticket F-SMART-2026-0005 has been created for site Alfonso Castañeda MDRRMO Grounds by RITO G. BANAN.',19,1,'2026-03-10 00:49:42'),(27,4,'ticket_created','New Ticket Created: F-SMART-2026-0005','Ticket F-SMART-2026-0005 has been created for site Alfonso Castañeda MDRRMO Grounds by RITO G. BANAN.',19,1,'2026-03-10 00:49:42'),(28,1,'ticket_created','New Ticket Created: F-SMART-2026-0006','Ticket F-SMART-2026-0006 has been created for site Alfonso Castañeda MDRRMO Municipal Evacuation - Front by RITO G. BANAN.',20,1,'2026-03-10 00:49:42'),(29,4,'ticket_created','New Ticket Created: F-SMART-2026-0006','Ticket F-SMART-2026-0006 has been created for site Alfonso Castañeda MDRRMO Municipal Evacuation - Front by RITO G. BANAN.',20,1,'2026-03-10 00:49:42'),(30,1,'ticket_created','New Ticket Created: F-SMART-2026-0007','Ticket F-SMART-2026-0007 has been created for site Alfonso Ponce Enrile Memorial Hospital Building 1 - Lobby by RITO G. BANAN.',21,1,'2026-03-10 00:49:42'),(31,4,'ticket_created','New Ticket Created: F-SMART-2026-0007','Ticket F-SMART-2026-0007 has been created for site Alfonso Ponce Enrile Memorial Hospital Building 1 - Lobby by RITO G. BANAN.',21,1,'2026-03-10 00:49:42'),(32,1,'ticket_created','New Ticket Created: F-SMART-2026-0008','Ticket F-SMART-2026-0008 has been created for site Agguirit Elementary School Faculty Building by JANET T. CATINOY.',22,1,'2026-03-17 08:18:41'),(33,2,'ticket_created','New Ticket Created: F-SMART-2026-0008','Ticket F-SMART-2026-0008 has been created for site Agguirit Elementary School Faculty Building by JANET T. CATINOY.',22,0,'2026-03-17 08:18:41'),(34,3,'ticket_created','New Ticket Created: F-SMART-2026-0008','Ticket F-SMART-2026-0008 has been created for site Agguirit Elementary School Faculty Building by JANET T. CATINOY.',22,0,'2026-03-17 08:18:41'),(35,4,'ticket_created','New Ticket Created: F-SMART-2026-0008','Ticket F-SMART-2026-0008 has been created for site Agguirit Elementary School Faculty Building by JANET T. CATINOY.',22,1,'2026-03-17 08:18:41'),(36,1,'ticket_created','New Ticket Created: F-SMART-2026-0009','Ticket F-SMART-2026-0009 has been created for site Alcala West Central School - Cataraoan Annex GRADE 2 by JANET T. CATINOY.',23,1,'2026-03-17 08:18:41'),(37,2,'ticket_created','New Ticket Created: F-SMART-2026-0009','Ticket F-SMART-2026-0009 has been created for site Alcala West Central School - Cataraoan Annex GRADE 2 by JANET T. CATINOY.',23,0,'2026-03-17 08:18:41'),(38,3,'ticket_created','New Ticket Created: F-SMART-2026-0009','Ticket F-SMART-2026-0009 has been created for site Alcala West Central School - Cataraoan Annex GRADE 2 by JANET T. CATINOY.',23,0,'2026-03-17 08:18:41'),(39,4,'ticket_created','New Ticket Created: F-SMART-2026-0009','Ticket F-SMART-2026-0009 has been created for site Alcala West Central School - Cataraoan Annex GRADE 2 by JANET T. CATINOY.',23,1,'2026-03-17 08:18:41'),(40,1,'ticket_created','New Ticket Created: F-SMART-2026-0010','Ticket F-SMART-2026-0010 has been created for site Alcala West Central School - Cataraoan Annex GRADE 6 by JANET T. CATINOY.',24,1,'2026-03-17 08:18:41'),(41,2,'ticket_created','New Ticket Created: F-SMART-2026-0010','Ticket F-SMART-2026-0010 has been created for site Alcala West Central School - Cataraoan Annex GRADE 6 by JANET T. CATINOY.',24,0,'2026-03-17 08:18:41'),(42,3,'ticket_created','New Ticket Created: F-SMART-2026-0010','Ticket F-SMART-2026-0010 has been created for site Alcala West Central School - Cataraoan Annex GRADE 6 by JANET T. CATINOY.',24,0,'2026-03-17 08:18:41'),(43,4,'ticket_created','New Ticket Created: F-SMART-2026-0010','Ticket F-SMART-2026-0010 has been created for site Alcala West Central School - Cataraoan Annex GRADE 6 by JANET T. CATINOY.',24,1,'2026-03-17 08:18:41'),(44,1,'ticket_created','New Ticket Created: F-SMART-2026-0011','Ticket F-SMART-2026-0011 has been created for site Agguirit Elementary School Grade 6 Building by JANET T. CATINOY.',25,1,'2026-03-17 08:18:41'),(45,2,'ticket_created','New Ticket Created: F-SMART-2026-0011','Ticket F-SMART-2026-0011 has been created for site Agguirit Elementary School Grade 6 Building by JANET T. CATINOY.',25,0,'2026-03-17 08:18:41'),(46,3,'ticket_created','New Ticket Created: F-SMART-2026-0011','Ticket F-SMART-2026-0011 has been created for site Agguirit Elementary School Grade 6 Building by JANET T. CATINOY.',25,0,'2026-03-17 08:18:41'),(47,4,'ticket_created','New Ticket Created: F-SMART-2026-0011','Ticket F-SMART-2026-0011 has been created for site Agguirit Elementary School Grade 6 Building by JANET T. CATINOY.',25,1,'2026-03-17 08:18:41'),(48,1,'ticket_resolved','Ticket Resolved','Your ticket F-SMART-2026-0008 for site Agguirit Elementary School Faculty Building is now RESOLVED.',22,1,'2026-03-17 08:42:16'),(49,1,'ticket_created','New Ticket Created: F-SMART-2026-0012','Ticket F-SMART-2026-0012 has been created for site Ambaguio MDRRMO Front by JANET T. CATINOY.',26,1,'2026-03-17 09:35:21'),(50,2,'ticket_created','New Ticket Created: F-SMART-2026-0012','Ticket F-SMART-2026-0012 has been created for site Ambaguio MDRRMO Front by JANET T. CATINOY.',26,0,'2026-03-17 09:35:21'),(51,3,'ticket_created','New Ticket Created: F-SMART-2026-0012','Ticket F-SMART-2026-0012 has been created for site Ambaguio MDRRMO Front by JANET T. CATINOY.',26,0,'2026-03-17 09:35:21'),(52,4,'ticket_created','New Ticket Created: F-SMART-2026-0012','Ticket F-SMART-2026-0012 has been created for site Ambaguio MDRRMO Front by JANET T. CATINOY.',26,1,'2026-03-17 09:35:21'),(53,1,'ticket_created','New Ticket Created: F-SMART-2026-0013','Ticket F-SMART-2026-0013 has been created for site Alfonso Ponce Enrile Memorial Hospital Building 2 - Hallway by JANET T. CATINOY.',27,1,'2026-03-17 09:35:21'),(54,2,'ticket_created','New Ticket Created: F-SMART-2026-0013','Ticket F-SMART-2026-0013 has been created for site Alfonso Ponce Enrile Memorial Hospital Building 2 - Hallway by JANET T. CATINOY.',27,0,'2026-03-17 09:35:21'),(55,3,'ticket_created','New Ticket Created: F-SMART-2026-0013','Ticket F-SMART-2026-0013 has been created for site Alfonso Ponce Enrile Memorial Hospital Building 2 - Hallway by JANET T. CATINOY.',27,0,'2026-03-17 09:35:21'),(56,4,'ticket_created','New Ticket Created: F-SMART-2026-0013','Ticket F-SMART-2026-0013 has been created for site Alfonso Ponce Enrile Memorial Hospital Building 2 - Hallway by JANET T. CATINOY.',27,1,'2026-03-17 09:35:22'),(57,1,'ticket_created','New Ticket Created: F-SMART-2026-0014','Ticket F-SMART-2026-0014 has been created for site Bagabag MDRRMO Front by JANET T. CATINOY.',28,0,'2026-03-23 09:27:55'),(58,2,'ticket_created','New Ticket Created: F-SMART-2026-0014','Ticket F-SMART-2026-0014 has been created for site Bagabag MDRRMO Front by JANET T. CATINOY.',28,0,'2026-03-23 09:27:55'),(59,3,'ticket_created','New Ticket Created: F-SMART-2026-0014','Ticket F-SMART-2026-0014 has been created for site Bagabag MDRRMO Front by JANET T. CATINOY.',28,0,'2026-03-23 09:27:55'),(60,4,'ticket_created','New Ticket Created: F-SMART-2026-0014','Ticket F-SMART-2026-0014 has been created for site Bagabag MDRRMO Front by JANET T. CATINOY.',28,0,'2026-03-23 09:27:55'),(61,1,'ticket_created','New Ticket Created: F-SMART-2026-0015','Ticket F-SMART-2026-0015 has been created for site Bambang MDRRMO Front by JANET T. CATINOY.',29,0,'2026-03-23 09:27:55'),(62,2,'ticket_created','New Ticket Created: F-SMART-2026-0015','Ticket F-SMART-2026-0015 has been created for site Bambang MDRRMO Front by JANET T. CATINOY.',29,0,'2026-03-23 09:27:55'),(63,3,'ticket_created','New Ticket Created: F-SMART-2026-0015','Ticket F-SMART-2026-0015 has been created for site Bambang MDRRMO Front by JANET T. CATINOY.',29,0,'2026-03-23 09:27:55'),(64,4,'ticket_created','New Ticket Created: F-SMART-2026-0015','Ticket F-SMART-2026-0015 has been created for site Bambang MDRRMO Front by JANET T. CATINOY.',29,0,'2026-03-23 09:27:55'),(65,1,'ticket_created','New Ticket Created: F-SMART-2026-0016','Ticket F-SMART-2026-0016 has been created for site Bambang MDRRMO Side (Covered Court) by JANET T. CATINOY.',30,0,'2026-03-23 09:27:55'),(66,2,'ticket_created','New Ticket Created: F-SMART-2026-0016','Ticket F-SMART-2026-0016 has been created for site Bambang MDRRMO Side (Covered Court) by JANET T. CATINOY.',30,0,'2026-03-23 09:27:55'),(67,3,'ticket_created','New Ticket Created: F-SMART-2026-0016','Ticket F-SMART-2026-0016 has been created for site Bambang MDRRMO Side (Covered Court) by JANET T. CATINOY.',30,0,'2026-03-23 09:27:55'),(68,4,'ticket_created','New Ticket Created: F-SMART-2026-0016','Ticket F-SMART-2026-0016 has been created for site Bambang MDRRMO Side (Covered Court) by JANET T. CATINOY.',30,0,'2026-03-23 09:27:55'),(69,1,'ticket_auto_closed','Ticket Auto-Closed','Your ticket F-SMART-2026-0008 for site Agguirit Elementary School Faculty Building has been automatically closed after 7 days in resolved status.',22,0,'2026-03-24 08:43:49');
/*!40000 ALTER TABLE `notifications` ENABLE KEYS */;
UNLOCK TABLES;

--
-- Table structure for table `personnels`
--

DROP TABLE IF EXISTS `personnels`;
/*!40101 SET @saved_cs_client     = @@character_set_client */;
/*!40101 SET character_set_client = utf8 */;
CREATE TABLE `personnels` (
  `id` int(11) NOT NULL AUTO_INCREMENT,
  `fullname` varchar(150) NOT NULL,
  `gmail` varchar(150) NOT NULL,
  `status` varchar(50) NOT NULL DEFAULT 'Active',
  `created_at` timestamp NOT NULL DEFAULT current_timestamp(),
  `updated_at` timestamp NOT NULL DEFAULT current_timestamp() ON UPDATE current_timestamp(),
  PRIMARY KEY (`id`),
  UNIQUE KEY `gmail` (`gmail`)
) ENGINE=InnoDB AUTO_INCREMENT=9 DEFAULT CHARSET=utf8mb4 COLLATE=utf8mb4_general_ci;
/*!40101 SET character_set_client = @saved_cs_client */;

--
-- Dumping data for table `personnels`
--

LOCK TABLES `personnels` WRITE;
/*!40000 ALTER TABLE `personnels` DISABLE KEYS */;
INSERT INTO `personnels` VALUES (1,'JANET T. CATINOY','JANET.CATINOY@DICT.GOV.PH','Active','2026-03-03 02:32:37','2026-03-03 02:32:37'),(2,'CYRILL SHANE T. CEPEDA','CYRILL.CEPEDA@DICT.GOV.PH','Active','2026-03-03 02:33:14','2026-03-03 02:33:14'),(3,'CZYIONE DAYL A. MENDOZA','CZYIONE.MENDOZA@DICT.GOV.PH','Active','2026-03-03 02:33:28','2026-03-03 02:33:28'),(4,'NEIL KRISTOPHER C. GUIMMAYEN','NEILKRISTOPHER.GUIMMAYEN@DICT.GOV.PH','Active','2026-03-03 02:33:41','2026-03-03 02:33:41'),(5,'RITO G. BANAN','RITO.BANAN@DICT.GOV.PH','Active','2026-03-03 02:33:51','2026-03-03 02:33:51'),(6,'ROEL U. JIMENEZ','ROEL.JIMENEZ@DICT.GOV.PH','Active','2026-03-03 02:34:06','2026-03-03 02:34:06'),(7,'VLADIMIR VIKTOR G. NUVAL','VLADIMIR.NUVAL@DICT.GOV.PH','Active','2026-03-03 02:34:18','2026-03-03 02:34:18'),(8,'YANCEE KEARVIN KYLE A. RAFER','KYLE.RAFER@DICT.GOV.PH','Active','2026-03-03 02:34:26','2026-03-03 02:34:26');
/*!40000 ALTER TABLE `personnels` ENABLE KEYS */;
UNLOCK TABLES;

--
-- Table structure for table `sites`
--

DROP TABLE IF EXISTS `sites`;
/*!40101 SET @saved_cs_client     = @@character_set_client */;
/*!40101 SET character_set_client = utf8 */;
CREATE TABLE `sites` (
  `id` int(11) NOT NULL AUTO_INCREMENT,
  `project_name` varchar(150) NOT NULL,
  `location_name` varchar(150) NOT NULL,
  `site_name` varchar(150) NOT NULL,
  `ap_site_code` varchar(50) DEFAULT NULL,
  `isp` varchar(150) NOT NULL,
  `province` varchar(150) NOT NULL,
  `municipality` varchar(150) NOT NULL,
  `status` enum('REBATES','ONGOING','EXPIRED','REMOVED','ACTIVE','SUPPORT') NOT NULL DEFAULT 'ACTIVE',
  `created_at` timestamp NOT NULL DEFAULT current_timestamp(),
  `updated_at` timestamp NOT NULL DEFAULT current_timestamp() ON UPDATE current_timestamp(),
  `created_by` int(11) NOT NULL DEFAULT 1,
  PRIMARY KEY (`id`),
  UNIQUE KEY `ap_site_code` (`ap_site_code`),
  KEY `fk_sites_created_by` (`created_by`),
  KEY `idx_ap_site_code` (`ap_site_code`),
  CONSTRAINT `fk_sites_created_by` FOREIGN KEY (`created_by`) REFERENCES `personnels` (`id`)
) ENGINE=InnoDB AUTO_INCREMENT=1084 DEFAULT CHARSET=utf8mb4 COLLATE=utf8mb4_general_ci;
/*!40101 SET character_set_client = @saved_cs_client */;

--
-- Dumping data for table `sites`
--

LOCK TABLES `sites` WRITE;
/*!40000 ALTER TABLE `sites` DISABLE KEYS */;
INSERT INTO `sites` VALUES (904,'PICS GIDA via LEO Technology','Alcala West Central School - Cataraoan Annex','Alcala West Central School - Cataraoan Annex GRADE 2','GIDA-R2-001A','We Are IT Philippines Inc.','Cagayan','Alcala','ACTIVE','2026-03-06 03:34:07','2026-03-06 03:34:07',1),(905,'PICS GIDA via LEO Technology','Alcala West Central School - Cataraoan Annex','Alcala West Central School - Cataraoan Annex GRADE 6','GIDA-R2-001B','We Are IT Philippines Inc.','Cagayan','Alcala','ACTIVE','2026-03-06 03:34:07','2026-03-06 03:34:07',1),(906,'PICS GIDA via LEO Technology','Bubog Primary School (Fuga Island)','Bubog Primary School (Fuga Island) Stage Right Side','GIDA-R2-002A','We Are IT Philippines Inc.','Cagayan','Aparri','ACTIVE','2026-03-06 03:34:07','2026-03-06 03:34:07',1),(907,'PICS GIDA via LEO Technology','Bubog Primary School (Fuga Island)','Bubog Primary School (Fuga Island) Stage Left Side','GIDA-R2-002B','We Are IT Philippines Inc.','Cagayan','Aparri','ACTIVE','2026-03-06 03:34:07','2026-03-06 03:34:07',1),(908,'PICS GIDA via LEO Technology','Mudoc Elementary School (Fuga Island)','Mudoc Elementary School (Fuga Island) PTA Building','GIDA-R2-003A','We Are IT Philippines Inc.','Cagayan','Aparri','ACTIVE','2026-03-06 03:34:07','2026-03-06 03:34:07',1),(909,'PICS GIDA via LEO Technology','Mudoc Elementary School (Fuga Island)','Mudoc Elementary School (Fuga Island) FFICCCII Building','GIDA-R2-003B','We Are IT Philippines Inc.','Cagayan','Aparri','ACTIVE','2026-03-06 03:34:07','2026-03-06 03:34:07',1),(910,'PICS GIDA via LEO Technology','Simmabang Elementary School (Fuga Island)','Simmabang Elementary School (Fuga Island) PTA Building','GIDA-R2-004A','We Are IT Philippines Inc.','Cagayan','Aparri','ACTIVE','2026-03-06 03:34:07','2026-03-06 03:34:07',1),(911,'PICS GIDA via LEO Technology','Simmabang Elementary School (Fuga Island)','Simmabang Elementary School (Fuga Island) FFICCCII Building','GIDA-R2-004B','We Are IT Philippines Inc.','Cagayan','Aparri','ACTIVE','2026-03-06 03:34:07','2026-03-06 03:34:07',1),(912,'PICS GIDA via LEO Technology','Camunayan Elementary School','Camunayan Elementary School MG 2','GIDA-R2-005A','We Are IT Philippines Inc.','Cagayan','Baggao','ACTIVE','2026-03-06 03:34:07','2026-03-06 03:34:07',1),(913,'PICS GIDA via LEO Technology','Camunayan Elementary School','Camunayan Elementary School MG 1','GIDA-R2-005B','We Are IT Philippines Inc.','Cagayan','Baggao','ACTIVE','2026-03-06 03:34:07','2026-03-06 03:34:07',1),(914,'PICS GIDA via LEO Technology','Valley Cove Integrated School','Valley Cove Integrated School JR High School Building','GIDA-R2-006A','We Are IT Philippines Inc.','Cagayan','Baggao','ACTIVE','2026-03-06 03:34:07','2026-03-06 03:34:07',1),(915,'PICS GIDA via LEO Technology','Valley Cove Integrated School','Valley Cove Integrated School ELEMENTARY BUILDING','GIDA-R2-006B','We Are IT Philippines Inc.','Cagayan','Baggao','ACTIVE','2026-03-06 03:34:07','2026-03-06 03:34:07',1),(916,'PICS GIDA via LEO Technology','San Isidro Primary School - Extension','San Isidro Primary School - Extension Gymnasium Back','GIDA-R2-007A','We Are IT Philippines Inc.','Cagayan','Buguey','ACTIVE','2026-03-06 03:34:07','2026-03-06 03:34:07',1),(917,'PICS GIDA via LEO Technology','San Isidro Primary School - Extension','San Isidro Primary School - Extension Gymnasium Front','GIDA-R2-007B','We Are IT Philippines Inc.','Cagayan','Buguey','ACTIVE','2026-03-06 03:34:07','2026-03-06 03:34:07',1),(918,'PICS GIDA via LEO Technology','Bolos Pt. Elementary School','Bolos Pt. Elementary School DPWH School Bldg.','GIDA-R2-008A','We Are IT Philippines Inc.','Cagayan','Gattaran','ACTIVE','2026-03-06 03:34:07','2026-03-06 03:34:07',1),(919,'PICS GIDA via LEO Technology','Bolos Pt. Elementary School','Bolos Pt. Elementary School Gymnasium','GIDA-R2-008B','We Are IT Philippines Inc.','Cagayan','Gattaran','ACTIVE','2026-03-06 03:34:07','2026-03-06 03:34:07',1),(920,'PICS GIDA via LEO Technology','Bicud Elementary School','Bicud Elementary School Principal’s Bldg.','GIDA-R2-009A','We Are IT Philippines Inc.','Cagayan','Lal-lo','ACTIVE','2026-03-06 03:34:07','2026-03-06 03:34:07',1),(921,'PICS GIDA via LEO Technology','Bicud Elementary School','Bicud Elementary School Grade 3 Building','GIDA-R2-009B','We Are IT Philippines Inc.','Cagayan','Lal-lo','ACTIVE','2026-03-06 03:34:07','2026-03-06 03:34:07',1),(922,'PICS GIDA via LEO Technology','Patunungan Elementary School','Patunungan Elementary School ICT BUILDING','GIDA-R2-010A','We Are IT Philippines Inc.','Cagayan','Sta. Ana','ACTIVE','2026-03-06 03:34:07','2026-03-06 03:34:07',1),(923,'PICS GIDA via LEO Technology','Patunungan Elementary School','Patunungan Elementary School DEPED BUILDING','GIDA-R2-010B','We Are IT Philippines Inc.','Cagayan','Sta. Ana','ACTIVE','2026-03-06 03:34:07','2026-03-06 03:34:07',1),(924,'PICS GIDA via LEO Technology','Magsidel National High School','Magsidel National High School Computer Room','GIDA-R2-011A','We Are IT Philippines Inc.','Cagayan','Calayan','ACTIVE','2026-03-06 03:34:07','2026-03-06 03:34:07',1),(925,'PICS GIDA via LEO Technology','Magsidel National High School','Magsidel National High School High School Building','GIDA-R2-011B','We Are IT Philippines Inc.','Cagayan','Calayan','ACTIVE','2026-03-06 03:34:07','2026-03-06 03:34:07',1),(926,'PICS GIDA via LEO Technology','Caniwalan Elementary School','Caniwalan Elementary School PRINCIPALS OFFICE','GIDA-R2-012A','We Are IT Philippines Inc.','Cagayan','Calayan','ACTIVE','2026-03-06 03:34:07','2026-03-06 03:34:07',1),(927,'PICS GIDA via LEO Technology','Caniwalan Elementary School','Caniwalan Elementary School GRADE 2 ROOM','GIDA-R2-012B','We Are IT Philippines Inc.','Cagayan','Calayan','ACTIVE','2026-03-06 03:34:07','2026-03-06 03:34:07',1),(928,'PICS GIDA via LEO Technology','Dilam Elementary School','Dilam Elementary School Principals Office','GIDA-R2-013A','We Are IT Philippines Inc.','Cagayan','Calayan','ACTIVE','2026-03-06 03:34:07','2026-03-06 03:34:07',1),(929,'PICS GIDA via LEO Technology','Dilam Elementary School','Dilam Elementary School Grade 2 Room','GIDA-R2-013B','We Are IT Philippines Inc.','Cagayan','Calayan','ACTIVE','2026-03-06 03:34:07','2026-03-06 03:34:07',1),(930,'PICS GIDA via LEO Technology','Magsidel Elementary School','Magsidel Elementary School GRADE 6 ROOM','GIDA-R2-014A','We Are IT Philippines Inc.','Cagayan','Calayan','ACTIVE','2026-03-06 03:34:07','2026-03-06 03:34:07',1),(931,'PICS GIDA via LEO Technology','Magsidel Elementary School','Magsidel Elementary School GRADE 1 ROOM','GIDA-R2-014B','We Are IT Philippines Inc.','Cagayan','Calayan','ACTIVE','2026-03-06 03:34:07','2026-03-06 03:34:07',1),(932,'PICS GIDA via LEO Technology','Sicatna Elementary School','Sicatna Elementary School ICT Room','GIDA-R2-015A','We Are IT Philippines Inc.','Cagayan','Piat','ACTIVE','2026-03-06 03:34:07','2026-03-06 03:34:07',1),(933,'PICS GIDA via LEO Technology','Sicatna Elementary School','Sicatna Elementary School GRADE 1 BUILDING','GIDA-R2-015B','We Are IT Philippines Inc.','Cagayan','Piat','ACTIVE','2026-03-06 03:34:07','2026-03-06 03:34:07',1),(934,'PICS GIDA via LEO Technology','Liuan Elementary School','Liuan Elementary School Principals Office','GIDA-R2-016A','We Are IT Philippines Inc.','Cagayan','Rizal','ACTIVE','2026-03-06 03:34:07','2026-03-06 03:34:07',1),(935,'PICS GIDA via LEO Technology','Liuan Elementary School','Liuan Elementary School GRADE 4 BUILDING','GIDA-R2-016B','We Are IT Philippines Inc.','Cagayan','Rizal','ACTIVE','2026-03-06 03:34:07','2026-03-06 03:34:07',1),(936,'PICS GIDA via LEO Technology','Sta Maria Elementary School','Sta Maria Elementary School Principals Office','GIDA-R2-017A','We Are IT Philippines Inc.','Cagayan','Santo Niño','ACTIVE','2026-03-06 03:34:07','2026-03-06 03:34:07',1),(937,'PICS GIDA via LEO Technology','Sta Maria Elementary School','Sta Maria Elementary School Grade 4 Building','GIDA-R2-017B','We Are IT Philippines Inc.','Cagayan','Santo Niño','ACTIVE','2026-03-06 03:34:07','2026-03-06 03:34:07',1),(938,'PICS GIDA via LEO Technology','Pureg Elementary School','Pureg Elementary School Grade 1-2 School','GIDA-R2-018A','We Are IT Philippines Inc.','Cagayan','Sanchez-Mira','ACTIVE','2026-03-06 03:34:07','2026-03-06 03:34:07',1),(939,'PICS GIDA via LEO Technology','Pureg Elementary School','Pureg Elementary School Gymnasium','GIDA-R2-018B','We Are IT Philippines Inc.','Cagayan','Sanchez-Mira','ACTIVE','2026-03-06 03:34:07','2026-03-06 03:34:07',1),(940,'PICS GIDA via LEO Technology','Agguirit Elementary School','Agguirit Elementary School Grade 6 Building','GIDA-R2-019A','We Are IT Philippines Inc.','Cagayan','Amulung','ACTIVE','2026-03-06 03:34:07','2026-03-06 03:34:07',1),(941,'PICS GIDA via LEO Technology','Agguirit Elementary School','Agguirit Elementary School Faculty Building','GIDA-R2-019B','We Are IT Philippines Inc.','Cagayan','Amulung','ACTIVE','2026-03-06 03:34:07','2026-03-06 03:34:07',1),(942,'PICS GIDA via LEO Technology','Pataya Elementary School','Pataya Elementary School Computer Lab. Building','GIDA-R2-020A','We Are IT Philippines Inc.','Cagayan','Solana','ACTIVE','2026-03-06 03:34:07','2026-03-06 03:34:07',1),(943,'PICS GIDA via LEO Technology','Pataya Elementary School','Pataya Elementary School Grade 1 Room','GIDA-R2-020B','We Are IT Philippines Inc.','Cagayan','Solana','ACTIVE','2026-03-06 03:34:07','2026-03-06 03:34:07',1),(944,'Emergency Procurement','Northwestern Cagayan General Hospital','Northwestern Cagayan General Hospital Hallway 1 (Along Pharmacy)','SINAG-R2-001A','IT BUSINESS SOLUTIONS','Cagayan','Abulug','REBATES','2026-03-10 00:47:48','2026-03-10 00:47:48',5),(945,'Emergency Procurement','Northwestern Cagayan General Hospital','Northwestern Cagayan General Hospital Hallway 2 (Along Offices)','SINAG-R2-001B','IT BUSINESS SOLUTIONS','Cagayan','Abulug','REBATES','2026-03-10 00:47:48','2026-03-10 00:47:48',5),(946,'Emergency Procurement','LGU Amulung - Sub Office','LGU Amulung - Sub Office Grounds','SINAG-R2-002A','IT BUSINESS SOLUTIONS','Cagayan','Amulung','REBATES','2026-03-10 00:47:48','2026-03-10 00:47:48',5),(947,'Emergency Procurement','LGU Amulung - Sub Office','LGU Amulung - Sub Office Right Wing','SINAG-R2-002B','IT BUSINESS SOLUTIONS','Cagayan','Amulung','REBATES','2026-03-10 00:47:48','2026-03-10 00:47:48',5),(948,'Emergency Procurement','TFLC Amulung','TFLC Amulung Lobby','SINAG-R2-003A','IT BUSINESS SOLUTIONS','Cagayan','Amulung','REBATES','2026-03-10 00:47:48','2026-03-10 00:47:48',5),(949,'Emergency Procurement','TFLC Amulung','TFLC Amulung Grounds','SINAG-R2-003B','IT BUSINESS SOLUTIONS','Cagayan','Amulung','REBATES','2026-03-10 00:47:48','2026-03-10 00:47:48',5),(950,'Emergency Procurement','Aparri Hospital','Aparri Hospital Old Building','SINAG-R2-004A','IT BUSINESS SOLUTIONS','Cagayan','Aparri','REBATES','2026-03-10 00:47:48','2026-03-10 00:47:48',5),(951,'Emergency Procurement','Aparri Hospital','Aparri Hospital New Building','SINAG-R2-004B','IT BUSINESS SOLUTIONS','Cagayan','Aparri','REBATES','2026-03-10 00:47:48','2026-03-10 00:47:48',5),(952,'Emergency Procurement','CSU Aparri','CSU Aparri Tech4ED Building','SINAG-R2-005A','IT BUSINESS SOLUTIONS','Cagayan','Aparri','REBATES','2026-03-10 00:47:48','2026-03-10 00:47:48',5),(953,'Emergency Procurement','CSU Aparri','CSU Aparri Tech4ED Building - Grounds','SINAG-R2-005B','IT BUSINESS SOLUTIONS','Cagayan','Aparri','REBATES','2026-03-10 00:47:48','2026-03-10 00:47:48',5),(954,'Emergency Procurement','MDRRMO Baggao','MDRRMO - 3rd Floor','SINAG-R2-006A','IT BUSINESS SOLUTIONS','Cagayan','Baggao','REBATES','2026-03-10 00:47:48','2026-03-10 00:47:48',5),(955,'Emergency Procurement','MDRRMO Baggao','MDRRMO Grounds','SINAG-R2-006B','IT BUSINESS SOLUTIONS','Cagayan','Baggao','REBATES','2026-03-10 00:47:48','2026-03-10 00:47:48',5),(956,'Emergency Procurement','MDRRMO Buguey','MDRRMO Buguey Lobby','SINAG-R2-007A','IT BUSINESS SOLUTIONS','Cagayan','Buguey','REBATES','2026-03-10 00:47:48','2026-03-10 00:47:48',5),(957,'Emergency Procurement','MDRRMO Buguey','MDRRMO Buguey Grounds','SINAG-R2-007B','IT BUSINESS SOLUTIONS','Cagayan','Buguey','REBATES','2026-03-10 00:47:48','2026-03-10 00:47:48',5),(958,'Emergency Procurement','MDRRMO Calayan','MDRRMO Calayan Office','SINAG-R2-008A','IT BUSINESS SOLUTIONS','Cagayan','Calayan','REBATES','2026-03-10 00:47:48','2026-03-10 00:47:48',5),(959,'Emergency Procurement','MDRRMO Calayan','MDRRMO Calayan LGU Lobby','SINAG-R2-008B','IT BUSINESS SOLUTIONS','Cagayan','Calayan','REBATES','2026-03-10 00:47:48','2026-03-10 00:47:48',5),(960,'Emergency Procurement','Matilde Olivas District Hospital','Matilde Olivas District Hospital Hallway','SINAG-R2-009A','IT BUSINESS SOLUTIONS','Cagayan','Camalaniugan','REBATES','2026-03-10 00:47:48','2026-03-10 00:47:48',5),(961,'Emergency Procurement','Matilde Olivas District Hospital','Matilde Olivas District Hospital Entrance','SINAG-R2-009B','IT BUSINESS SOLUTIONS','Cagayan','Camalaniugan','REBATES','2026-03-10 00:47:48','2026-03-10 00:47:48',5),(962,'Emergency Procurement','MDRRMO Claveria','MDRRMO Claveria Lobby','SINAG-R2-010A','IT BUSINESS SOLUTIONS','Cagayan','Claveria','REBATES','2026-03-10 00:47:48','2026-03-10 00:47:48',5),(963,'Emergency Procurement','MDRRMO Claveria','MDRRMO Claveria Right Wing','SINAG-R2-010B','IT BUSINESS SOLUTIONS','Cagayan','Claveria','REBATES','2026-03-10 00:47:48','2026-03-10 00:47:48',5),(964,'Emergency Procurement','MDRRMO Gattaran','MDRRMO Gattaran Lobby','SINAG-R2-011A','IT BUSINESS SOLUTIONS','Cagayan','Gattaran','REBATES','2026-03-10 00:47:48','2026-03-10 00:47:48',5),(965,'Emergency Procurement','MDRRMO Gattaran','MDRRMO Gattaran Grounds','SINAG-R2-011B','IT BUSINESS SOLUTIONS','Cagayan','Gattaran','REBATES','2026-03-10 00:47:48','2026-03-10 00:47:48',5),(966,'Emergency Procurement','Alfonso Ponce Enrile Memorial Hospital','Alfonso Ponce Enrile Memorial Hospital Building 1 - Lobby','SINAG-R2-012A','IT BUSINESS SOLUTIONS','Cagayan','Gonzaga','REBATES','2026-03-10 00:47:48','2026-03-10 00:47:48',5),(967,'Emergency Procurement','Alfonso Ponce Enrile Memorial Hospital','Alfonso Ponce Enrile Memorial Hospital Building 2 - Hallway','SINAG-R2-012B','IT BUSINESS SOLUTIONS','Cagayan','Gonzaga','REBATES','2026-03-10 00:47:48','2026-03-10 00:47:48',5),(968,'Emergency Procurement','CSU Gonzaga','CSU Gonzaga Gymnasium - Covered Court','SINAG-R2-013A','IT BUSINESS SOLUTIONS','Cagayan','Gonzaga','REBATES','2026-03-10 00:47:48','2026-03-10 00:47:48',5),(969,'Emergency Procurement','CSU Gonzaga','CSU Gonzaga Gymnasium - Entrance','SINAG-R2-013B','IT BUSINESS SOLUTIONS','Cagayan','Gonzaga','REBATES','2026-03-10 00:47:48','2026-03-10 00:47:48',5),(970,'Emergency Procurement','TFLC - Sub-Capitol','TFLC - Sub-Capitol 2nd Floor','SINAG-R2-014A','IT BUSINESS SOLUTIONS','Cagayan','Lal-lo','REBATES','2026-03-10 00:47:48','2026-03-10 00:47:48',5),(971,'Emergency Procurement','TFLC - Sub-Capitol','TFLC - Sub-Capitol 1st Floor','SINAG-R2-014B','IT BUSINESS SOLUTIONS','Cagayan','Lal-lo','REBATES','2026-03-10 00:47:48','2026-03-10 00:47:48',5),(972,'Emergency Procurement','CSU Lallo','CSU Lallo Library','SINAG-R2-015A','IT BUSINESS SOLUTIONS','Cagayan','Lal-lo','REBATES','2026-03-10 00:47:48','2026-03-10 00:47:48',5),(973,'Emergency Procurement','CSU Lallo','CSU Lallo Agriculture Garden','SINAG-R2-015B','IT BUSINESS SOLUTIONS','Cagayan','Lal-lo','REBATES','2026-03-10 00:47:48','2026-03-10 00:47:48',5),(974,'Emergency Procurement','Rizal Central School','Building 1 (Principal’s Office)','SINAG-R2-016A','IT BUSINESS SOLUTIONS','Cagayan','Rizal','REBATES','2026-03-10 00:47:48','2026-03-10 00:47:48',5),(975,'Emergency Procurement','Rizal Central School','Building 2 (Grade 5)','SINAG-R2-016B','IT BUSINESS SOLUTIONS','Cagayan','Rizal','REBATES','2026-03-10 00:47:48','2026-03-10 00:47:48',5),(976,'Emergency Procurement','CSU Sanchez Mira','CSU Sanchez Mira Main Bldg. - Left Wing','SINAG-R2-017A','IT BUSINESS SOLUTIONS','Cagayan','Sanchez-Mira','REBATES','2026-03-10 00:47:48','2026-03-10 00:47:48',5),(977,'Emergency Procurement','CSU Sanchez Mira','CSU Sanchez Mira Main Bldg. - Right Wing','SINAG-R2-017B','IT BUSINESS SOLUTIONS','Cagayan','Sanchez-Mira','REBATES','2026-03-10 00:47:48','2026-03-10 00:47:48',5),(978,'Emergency Procurement','MDRRMO Sanchez Mira','MDRRMO Sanchez Mira- Left Wing','SINAG-R2-018A','IT BUSINESS SOLUTIONS','Cagayan','Sanchez-Mira','REBATES','2026-03-10 00:47:48','2026-03-10 00:47:48',5),(979,'Emergency Procurement','MDRRMO Sanchez Mira','MDRRMO Sanchez Mira- Right Wing','SINAG-R2-018B','IT BUSINESS SOLUTIONS','Cagayan','Sanchez-Mira','REBATES','2026-03-10 00:47:48','2026-03-10 00:47:48',5),(980,'Emergency Procurement','Kapanikian Elementary School','Kapanikian Elementary School Building 1 (Grade 6)','SINAG-R2-019A','IT BUSINESS SOLUTIONS','Cagayan','Sta. Ana','REBATES','2026-03-10 00:47:48','2026-03-10 00:47:48',5),(981,'Emergency Procurement','Kapanikian Elementary School','Kapanikian Elementary School Building 2 (Grade 2 and 3)','SINAG-R2-019B','IT BUSINESS SOLUTIONS','Cagayan','Sta. Ana','REBATES','2026-03-10 00:47:48','2026-03-10 00:47:48',5),(982,'Emergency Procurement','Casagan Elementary School','Casagan Elementary School Main Bldg. - Right Side','SINAG-R2-020A','IT BUSINESS SOLUTIONS','Cagayan','Sta. Ana','REBATES','2026-03-10 00:47:48','2026-03-10 00:47:48',5),(983,'Emergency Procurement','Casagan Elementary School','Casagan Elementary School Main Bldg. - Left Side','SINAG-R2-020B','IT BUSINESS SOLUTIONS','Cagayan','Sta. Ana','REBATES','2026-03-10 00:47:48','2026-03-10 00:47:48',5),(984,'Emergency Procurement','Casambalanagan Barangay Hall','Casambalanagan Barangay Hall Grounds','SINAG-R2-021A','IT BUSINESS SOLUTIONS','Cagayan','Sta. Ana','REBATES','2026-03-10 00:47:48','2026-03-10 00:47:48',5),(985,'Emergency Procurement','Casambalanagan Barangay Hall','Casambalanagan Barangay Hall Lobby','SINAG-R2-021B','IT BUSINESS SOLUTIONS','Cagayan','Sta. Ana','REBATES','2026-03-10 00:47:48','2026-03-10 00:47:48',5),(986,'Emergency Procurement','Dungeg Elementary School','Dungeg Elementary School Main Bldg. - Left Side','SINAG-R2-022A','IT BUSINESS SOLUTIONS','Cagayan','Sta. Ana','REBATES','2026-03-10 00:47:48','2026-03-10 00:47:48',5),(987,'Emergency Procurement','Dungeg Elementary School','Dungeg Elementary School Main Bldg. - Right Side','SINAG-R2-022B','IT BUSINESS SOLUTIONS','Cagayan','Sta. Ana','REBATES','2026-03-10 00:47:48','2026-03-10 00:47:48',5),(988,'Emergency Procurement','Marede Barangay Hall (DRRM substation)','Marede Barangay Hall (DRRM substation) Barangay Session Hall','SINAG-R2-023A','IT BUSINESS SOLUTIONS','Cagayan','Sta. Ana','REBATES','2026-03-10 00:47:48','2026-03-10 00:47:48',5),(989,'Emergency Procurement','Marede Barangay Hall (DRRM substation)','Marede Barangay Hall (DRRM substation) Barangay Hall - Gym','SINAG-R2-023B','IT BUSINESS SOLUTIONS','Cagayan','Sta. Ana','REBATES','2026-03-10 00:47:48','2026-03-10 00:47:48',5),(990,'Emergency Procurement','Marede Integrated School','Marede Integrated School Main Bldg. - Left Wing','SINAG-R2-024A','IT BUSINESS SOLUTIONS','Cagayan','Sta. Ana','REBATES','2026-03-10 00:47:48','2026-03-10 00:47:48',5),(991,'Emergency Procurement','Marede Integrated School','Marede Integrated School Main Bldg. - Right Wing','SINAG-R2-024B','IT BUSINESS SOLUTIONS','Cagayan','Sta. Ana','REBATES','2026-03-10 00:47:48','2026-03-10 00:47:48',5),(992,'Emergency Procurement','Sta Clara Barangay Hall','Sta Clara Barangay Hall Lobby','SINAG-R2-025A','IT BUSINESS SOLUTIONS','Cagayan','Sta. Ana','REBATES','2026-03-10 00:47:48','2026-03-10 00:47:48',5),(993,'Emergency Procurement','Sta Clara Barangay Hall','Sta Clara Barangay Hall Gym','SINAG-R2-025B','IT BUSINESS SOLUTIONS','Cagayan','Sta. Ana','REBATES','2026-03-10 00:47:48','2026-03-10 00:47:48',5),(994,'Emergency Procurement','San Vicente Barangay Hall','San Vicente Barangay Hall Lobby','SINAG-R2-026A','IT BUSINESS SOLUTIONS','Cagayan','Sta. Ana','REBATES','2026-03-10 00:47:48','2026-03-10 00:47:48',5),(995,'Emergency Procurement','San Vicente Barangay Hall','San Vicente Barangay Hall Gym','SINAG-R2-026B','IT BUSINESS SOLUTIONS','Cagayan','Sta. Ana','REBATES','2026-03-10 00:47:48','2026-03-10 00:47:48',5),(996,'Emergency Procurement','Sta Clara Elementary School','Sta Clara Elementary School Main Bldg. - Left Side','SINAG-R2-027A','IT BUSINESS SOLUTIONS','Cagayan','Sta. Ana','REBATES','2026-03-10 00:47:48','2026-03-10 00:47:48',5),(997,'Emergency Procurement','Sta Clara Elementary School','Sta Clara Elementary School Main Bldg. - Right Side','SINAG-R2-027B','IT BUSINESS SOLUTIONS','Cagayan','Sta. Ana','REBATES','2026-03-10 00:47:48','2026-03-10 00:47:48',5),(998,'Emergency Procurement','MDRRMO Sta. Praxedes','MDRRMO Sta. Praxedes Lobby','SINAG-R2-028A','IT BUSINESS SOLUTIONS','Cagayan','Santa Praxedes','REBATES','2026-03-10 00:47:48','2026-03-10 00:47:48',5),(999,'Emergency Procurement','MDRRMO Sta. Praxedes','MDRRMO Sta. Praxedes Grounds','SINAG-R2-028B','IT BUSINESS SOLUTIONS','Cagayan','Santa Praxedes','REBATES','2026-03-10 00:47:48','2026-03-10 00:47:48',5),(1000,'Emergency Procurement','TFLC Tuao','TFLC Tuao TFLC Left Side','SINAG-R2-029A','IT BUSINESS SOLUTIONS','Cagayan','Tuao','REBATES','2026-03-10 00:47:48','2026-03-10 00:47:48',5),(1001,'Emergency Procurement','TFLC Tuao','TFLC Tuao AP2 TFLC Right Side','SINAG-R2-029B','IT BUSINESS SOLUTIONS','Cagayan','Tuao','REBATES','2026-03-10 00:47:48','2026-03-10 00:47:48',5),(1002,'Emergency Procurement','San Antonio National Highschool','San Antonio National Highschool Admin Bldg. - Left Side','SINAG-R2-030A','IT BUSINESS SOLUTIONS','Isabela','Delfin Albano','REBATES','2026-03-10 00:47:48','2026-03-10 00:47:48',5),(1003,'Emergency Procurement','San Antonio National Highschool','San Antonio National Highschool Admin Bldg. - Right Side','SINAG-R2-030B','IT BUSINESS SOLUTIONS','Isabela','Delfin Albano','REBATES','2026-03-10 00:47:48','2026-03-10 00:47:48',5),(1004,'Emergency Procurement','MDRRM Divilacan','MDRRM Divilacan MDRRMO - Front','SINAG-R2-031A','IT BUSINESS SOLUTIONS','Isabela','Divilacan','REBATES','2026-03-10 00:47:48','2026-03-10 00:47:48',5),(1005,'Emergency Procurement','MDRRM Divilacan','MDRRM Divilacan MDRRMO - Back','SINAG-R2-031B','IT BUSINESS SOLUTIONS','Isabela','Divilacan','REBATES','2026-03-10 00:47:48','2026-03-10 00:47:48',5),(1006,'Emergency Procurement','Divilacan Municipal Hall','Divilacan Municipal Hall Front of Municipal Hall','SINAG-R2-032A','IT BUSINESS SOLUTIONS','Isabela','Divilacan','REBATES','2026-03-10 00:47:48','2026-03-10 00:47:48',5),(1007,'Emergency Procurement','Divilacan Municipal Hall','Divilacan Municipal Hall Back of Municipal Hall','SINAG-R2-032B','IT BUSINESS SOLUTIONS','Isabela','Divilacan','REBATES','2026-03-10 00:47:48','2026-03-10 00:47:48',5),(1008,'Emergency Procurement','Maconacon Municipal Hall','Maconacon Municipal Hall Front','SINAG-R2-033A','IT BUSINESS SOLUTIONS','Isabela','Maconacon','REBATES','2026-03-10 00:47:48','2026-03-10 00:47:48',5),(1009,'Emergency Procurement','Maconacon Municipal Hall','Maconacon Municipal Hall Office Room','SINAG-R2-033B','IT BUSINESS SOLUTIONS','Isabela','Maconacon','REBATES','2026-03-10 00:47:48','2026-03-10 00:47:48',5),(1010,'Emergency Procurement','Maconacon MDRRMO','Maconacon MDRRMO Front','SINAG-R2-034A','IT BUSINESS SOLUTIONS','Isabela','Maconacon','REBATES','2026-03-10 00:47:48','2026-03-10 00:47:48',5),(1011,'Emergency Procurement','Maconacon MDRRMO','Maconacon MDRRMO Inside the Office','SINAG-R2-034B','IT BUSINESS SOLUTIONS','Isabela','Maconacon','REBATES','2026-03-10 00:47:48','2026-03-10 00:47:48',5),(1012,'Emergency Procurement','San Pablo National High School','San Pablo National High School Admin Bldg. - Front','SINAG-R2-035A','IT BUSINESS SOLUTIONS','Isabela','San Pablo','REBATES','2026-03-10 00:47:48','2026-03-10 00:47:48',5),(1013,'Emergency Procurement','San Pablo National High School','San Pablo National High School Gymnasium','SINAG-R2-035B','IT BUSINESS SOLUTIONS','Isabela','San Pablo','REBATES','2026-03-10 00:47:48','2026-03-10 00:47:48',5),(1014,'Emergency Procurement','Sto. Tomas Elementary School','Sto. Tomas Elementary School Principal’s Office - Right Side','SINAG-R2-036A','IT BUSINESS SOLUTIONS','Isabela','Santo Tomas','REBATES','2026-03-10 00:47:48','2026-03-10 00:47:48',5),(1015,'Emergency Procurement','Sto. Tomas Elementary School','Sto. Tomas Elementary School Main Gate - Entrance','SINAG-R2-036B','IT BUSINESS SOLUTIONS','Isabela','Santo Tomas','REBATES','2026-03-10 00:47:48','2026-03-10 00:47:48',5),(1016,'Emergency Procurement','MDRRM Palanan','MDRRM Palanan MDRRMO - Front','SINAG-R2-037A','IT BUSINESS SOLUTIONS','Isabela','Palanan','REBATES','2026-03-10 00:47:48','2026-03-10 00:47:48',5),(1017,'Emergency Procurement','MDRRM Palanan','MDRRM Palanan MDRRMO - Back','SINAG-R2-037B','IT BUSINESS SOLUTIONS','Isabela','Palanan','REBATES','2026-03-10 00:47:48','2026-03-10 00:47:48',5),(1018,'Emergency Procurement','Palanan Municipal Hall','Palanan Municipal Hall Front','SINAG-R2-038A','IT BUSINESS SOLUTIONS','Isabela','Palanan','REBATES','2026-03-10 00:47:48','2026-03-10 00:47:48',5),(1019,'Emergency Procurement','Palanan Municipal Hall','Palanan Municipal Hall Back','SINAG-R2-038B','IT BUSINESS SOLUTIONS','Isabela','Palanan','REBATES','2026-03-10 00:47:48','2026-03-10 00:47:48',5),(1020,'Emergency Procurement','Cadsalan Integrated School','Cadsalan Integrated School High School Grounds','SINAG-R2-039A','IT BUSINESS SOLUTIONS','Isabela','San Mariano','REBATES','2026-03-10 00:47:48','2026-03-10 00:47:48',5),(1021,'Emergency Procurement','Cadsalan Integrated School','Cadsalan Integrated School Admin Office - Side','SINAG-R2-039B','IT BUSINESS SOLUTIONS','Isabela','San Mariano','REBATES','2026-03-10 00:47:48','2026-03-10 00:47:48',5),(1022,'Emergency Procurement','MDRRMO Alicia','MDRRMO Alicia Receiving Area','SINAG-R2-040A','IT BUSINESS SOLUTIONS','Isabela','Alicia','REBATES','2026-03-10 00:47:48','2026-03-10 00:47:48',5),(1023,'Emergency Procurement','MDRRMO Alicia','MDRRMO Alicia Right Side','SINAG-R2-040B','IT BUSINESS SOLUTIONS','Isabela','Alicia','REBATES','2026-03-10 00:47:48','2026-03-10 00:47:48',5),(1024,'Emergency Procurement','Viga Elementary School','Viga Elementary School Gymnasium','SINAG-R2-041A','IT BUSINESS SOLUTIONS','Isabela','Angadanan','REBATES','2026-03-10 00:47:48','2026-03-10 00:47:48',5),(1025,'Emergency Procurement','Viga Elementary School','Viga Elementary School Admin Building - Back','SINAG-R2-041B','IT BUSINESS SOLUTIONS','Isabela','Angadanan','REBATES','2026-03-10 00:47:48','2026-03-10 00:47:48',5),(1026,'Emergency Procurement','Dallao Barangay Hall','Dallao Barangay Hall Entrance','SINAG-R2-042A','IT BUSINESS SOLUTIONS','Isabela','Cordon','REBATES','2026-03-10 00:47:48','2026-03-10 00:47:48',5),(1027,'Emergency Procurement','Dallao Barangay Hall','Dallao Barangay Gymnasium','SINAG-R2-042B','IT BUSINESS SOLUTIONS','Isabela','Cordon','REBATES','2026-03-10 00:47:48','2026-03-10 00:47:48',5),(1028,'Emergency Procurement','Taliktik Barangay Hall','Taliktik Barangay Hall Left Side','SINAG-R2-043A','IT BUSINESS SOLUTIONS','Isabela','Cordon','REBATES','2026-03-10 00:47:48','2026-03-10 00:47:48',5),(1029,'Emergency Procurement','Taliktik Barangay Hall','Taliktik Barangay Hall Right Side','SINAG-R2-043B','IT BUSINESS SOLUTIONS','Isabela','Cordon','REBATES','2026-03-10 00:47:48','2026-03-10 00:47:48',5),(1030,'Emergency Procurement','Ayod Integrated School','Ayod IS - Front','SINAG-R2-044A','IT BUSINESS SOLUTIONS','Isabela','Dinapigue','REBATES','2026-03-10 00:47:48','2026-03-10 00:47:48',5),(1031,'Emergency Procurement','Ayod Integrated School','Beside the building','SINAG-R2-044B','IT BUSINESS SOLUTIONS','Isabela','Dinapigue','REBATES','2026-03-10 00:47:48','2026-03-10 00:47:48',5),(1032,'Emergency Procurement','Dinapigue Municipal Hall','Dinapigue Municipal Front','SINAG-R2-045A','IT BUSINESS SOLUTIONS','Isabela','Dinapigue','REBATES','2026-03-10 00:47:48','2026-03-10 00:47:48',5),(1033,'Emergency Procurement','Dinapigue Municipal Hall','Dinapigue Municipal Back','SINAG-R2-045B','IT BUSINESS SOLUTIONS','Isabela','Dinapigue','REBATES','2026-03-10 00:47:48','2026-03-10 00:47:48',5),(1034,'Emergency Procurement','MDRRM Jones','MDRRM Jones Left Wing','SINAG-R2-046A','IT BUSINESS SOLUTIONS','Isabela','Jones','REBATES','2026-03-10 00:47:48','2026-03-10 00:47:48',5),(1035,'Emergency Procurement','MDRRM Jones','MDRRM Jones Right Wing','SINAG-R2-046B','IT BUSINESS SOLUTIONS','Isabela','Jones','REBATES','2026-03-10 00:47:48','2026-03-10 00:47:48',5),(1036,'Emergency Procurement','MDRRM Echague','MDRRM Echague Entrance','SINAG-R2-047A','IT BUSINESS SOLUTIONS','Isabela','Echague','REBATES','2026-03-10 00:47:48','2026-03-10 00:47:48',5),(1037,'Emergency Procurement','MDRRM Echague','MDRRM Echague Evacuation Center - Entrance','SINAG-R2-047B','IT BUSINESS SOLUTIONS','Isabela','Echague','REBATES','2026-03-10 00:47:48','2026-03-10 00:47:48',5),(1038,'Emergency Procurement','Sinabbaran Elementary School','Sinabbaran Elementary School Front','SINAG-R2-048A','IT BUSINESS SOLUTIONS','Isabela','Echague','REBATES','2026-03-10 00:47:48','2026-03-10 00:47:48',5),(1039,'Emergency Procurement','Sinabbaran Elementary School','Sinabbaran Elementary School Kindergarten Building','SINAG-R2-048B','IT BUSINESS SOLUTIONS','Isabela','Echague','REBATES','2026-03-10 00:47:48','2026-03-10 00:47:48',5),(1040,'Emergency Procurement','MDRRM San Isidro','MDRRM San Isidro Entrance','SINAG-R2-049A','IT BUSINESS SOLUTIONS','Isabela','San Isidro','REBATES','2026-03-10 00:47:48','2026-03-10 00:47:48',5),(1041,'Emergency Procurement','MDRRM San Isidro','MDRRM San Isidro Evacuation Center','SINAG-R2-049B','IT BUSINESS SOLUTIONS','Isabela','San Isidro','REBATES','2026-03-10 00:47:48','2026-03-10 00:47:48',5),(1042,'Emergency Procurement','Alfonso Castañeda MDRRMO','Alfonso Castañeda MDRRMO Grounds','SINAG-R2-050A','IT BUSINESS SOLUTIONS','Nueva Vizcaya','Alfonso Castañeda','REBATES','2026-03-10 00:47:48','2026-03-10 00:47:48',5),(1043,'Emergency Procurement','Alfonso Castañeda MDRRMO','Alfonso Castañeda MDRRMO Municipal Evacuation - Front','SINAG-R2-050B','IT BUSINESS SOLUTIONS','Nueva Vizcaya','Alfonso Castañeda','REBATES','2026-03-10 00:47:49','2026-03-10 00:47:49',5),(1044,'Emergency Procurement','Ambaguio MDRRMO','Ambaguio MDRRMO Front','SINAG-R2-051A','IT BUSINESS SOLUTIONS','Nueva Vizcaya','Ambaguio','REBATES','2026-03-10 00:47:49','2026-03-10 00:47:49',5),(1045,'Emergency Procurement','Ambaguio MDRRMO','Ambaguio MDRRMO Side','SINAG-R2-051B','IT BUSINESS SOLUTIONS','Nueva Vizcaya','Ambaguio','REBATES','2026-03-10 00:47:49','2026-03-10 00:47:49',5),(1046,'Emergency Procurement','Aritao MDRRMO','Aritao MDRRMO MDRRMO Front','SINAG-R2-052A','IT BUSINESS SOLUTIONS','Nueva Vizcaya','Aritao','REBATES','2026-03-10 00:47:49','2026-03-10 00:47:49',5),(1047,'Emergency Procurement','Aritao MDRRMO','Aritao MDRRMO MDRRMO Back','SINAG-R2-052B','IT BUSINESS SOLUTIONS','Nueva Vizcaya','Aritao','REBATES','2026-03-10 00:47:49','2026-03-10 00:47:49',5),(1048,'Emergency Procurement','Bagabag MDRRMO','Bagabag MDRRMO Front','SINAG-R2-053A','IT BUSINESS SOLUTIONS','Nueva Vizcaya','Bagabag','REBATES','2026-03-10 00:47:49','2026-03-10 00:47:49',5),(1049,'Emergency Procurement','Bagabag MDRRMO','Bagabag MDRRMO Back','SINAG-R2-053B','IT BUSINESS SOLUTIONS','Nueva Vizcaya','Bagabag','REBATES','2026-03-10 00:47:49','2026-03-10 00:47:49',5),(1050,'Emergency Procurement','Bambang MDRRMO','Bambang MDRRMO Front','SINAG-R2-054A','IT BUSINESS SOLUTIONS','Nueva Vizcaya','Bambang','REBATES','2026-03-10 00:47:49','2026-03-10 00:47:49',5),(1051,'Emergency Procurement','Bambang MDRRMO','Bambang MDRRMO Side (Covered Court)','SINAG-R2-054B','IT BUSINESS SOLUTIONS','Nueva Vizcaya','Bambang','REBATES','2026-03-10 00:47:49','2026-03-10 00:47:49',5),(1052,'Emergency Procurement','Diadi MDRRMO','Diadi MDRRMO Front','SINAG-R2-055A','IT BUSINESS SOLUTIONS','Nueva Vizcaya','Diadi','REBATES','2026-03-10 00:47:49','2026-03-10 00:47:49',5),(1053,'Emergency Procurement','Diadi MDRRMO','Diadi MDRRMO Back','SINAG-R2-055B','IT BUSINESS SOLUTIONS','Nueva Vizcaya','Diadi','REBATES','2026-03-10 00:47:49','2026-03-10 00:47:49',5),(1054,'Emergency Procurement','Dupax del Norte MDRRMO','Dupax del Norte MDRRMO Front','SINAG-R2-056A','IT BUSINESS SOLUTIONS','Nueva Vizcaya','Dupax Del Norte','REBATES','2026-03-10 00:47:49','2026-03-10 00:47:49',5),(1055,'Emergency Procurement','Dupax del Norte MDRRMO','Dupax del Norte MDRRMO Back','SINAG-R2-056B','IT BUSINESS SOLUTIONS','Nueva Vizcaya','Dupax Del Norte','REBATES','2026-03-10 00:47:49','2026-03-10 00:47:49',5),(1056,'Emergency Procurement','Dupax del Sur MDRRMO','Dupax del Sur MDRRMO Front','SINAG-R2-057A','IT BUSINESS SOLUTIONS','Nueva Vizcaya','Dupax Del Sur','REBATES','2026-03-10 00:47:49','2026-03-10 00:47:49',5),(1057,'Emergency Procurement','Dupax del Sur MDRRMO','Dupax del Sur MDRRMO Back','SINAG-R2-057B','IT BUSINESS SOLUTIONS','Nueva Vizcaya','Dupax Del Sur','REBATES','2026-03-10 00:47:49','2026-03-10 00:47:49',5),(1058,'Emergency Procurement','Kasibu MDRRMO','Kasibu MDRRMO Front','SINAG-R2-058A','IT BUSINESS SOLUTIONS','Nueva Vizcaya','Kasibu','REBATES','2026-03-10 00:47:49','2026-03-10 00:47:49',5),(1059,'Emergency Procurement','Kasibu MDRRMO','Kasibu MDRRMO Back','SINAG-R2-058B','IT BUSINESS SOLUTIONS','Nueva Vizcaya','Kasibu','REBATES','2026-03-10 00:47:49','2026-03-10 00:47:49',5),(1060,'Emergency Procurement','Kayapa MDRRMO','Kayapa MDRRMO Front','SINAG-R2-059A','IT BUSINESS SOLUTIONS','Nueva Vizcaya','Kayapa','REBATES','2026-03-10 00:47:49','2026-03-10 00:47:49',5),(1061,'Emergency Procurement','Kayapa MDRRMO','Kayapa MDRRMO Side','SINAG-R2-059B','IT BUSINESS SOLUTIONS','Nueva Vizcaya','Kayapa','REBATES','2026-03-10 00:47:49','2026-03-10 00:47:49',5),(1062,'Emergency Procurement','Laya Elementary School','Laya Elementary School Main Bldg. - Front','SINAG-R2-060A','IT BUSINESS SOLUTIONS','Nueva Vizcaya','Quezon','REBATES','2026-03-10 00:47:49','2026-03-10 00:47:49',5),(1063,'Emergency Procurement','Laya Elementary School','Laya Elementary SchoolMain Bldg. - Back','SINAG-R2-060B','IT BUSINESS SOLUTIONS','Nueva Vizcaya','Quezon','REBATES','2026-03-10 00:47:49','2026-03-10 00:47:49',5),(1064,'Emergency Procurement','Quezon MDRRMO','Quezon MDRRMO Front','SINAG-R2-061A','IT BUSINESS SOLUTIONS','Nueva Vizcaya','Quezon','REBATES','2026-03-10 00:47:49','2026-03-10 00:47:49',5),(1065,'Emergency Procurement','Quezon MDRRMO','Quezon MDRRMO Side (Facing Gym)','SINAG-R2-061B','IT BUSINESS SOLUTIONS','Nueva Vizcaya','Quezon','REBATES','2026-03-10 00:47:49','2026-03-10 00:47:49',5),(1066,'Emergency Procurement','Santa Fe MDRRMO','Santa Fe MDRRMO Front','SINAG-R2-062A','IT BUSINESS SOLUTIONS','Nueva Vizcaya','Santa Fe','REBATES','2026-03-10 00:47:49','2026-03-10 00:47:49',5),(1067,'Emergency Procurement','Santa Fe MDRRMO','Santa Fe MDRRMO Office','SINAG-R2-062B','IT BUSINESS SOLUTIONS','Nueva Vizcaya','Santa Fe','REBATES','2026-03-10 00:47:49','2026-03-10 00:47:49',5),(1068,'Emergency Procurement','Solano MDRRMO','Solano MDRRMO Front','SINAG-R2-063A','IT BUSINESS SOLUTIONS','Nueva Vizcaya','Solano','REBATES','2026-03-10 00:47:49','2026-03-10 00:47:49',5),(1069,'Emergency Procurement','Solano MDRRMO','Solano MDRRMO Side','SINAG-R2-063B','IT BUSINESS SOLUTIONS','Nueva Vizcaya','Solano','REBATES','2026-03-10 00:47:49','2026-03-10 00:47:49',5),(1070,'Emergency Procurement','Villaverde MDRRMO','Villaverde MDRRMO Front','SINAG-R2-064A','IT BUSINESS SOLUTIONS','Nueva Vizcaya','Villaverde','REBATES','2026-03-10 00:47:49','2026-03-10 00:47:49',5),(1071,'Emergency Procurement','Villaverde MDRRMO','Villaverde MDRRMO Back','SINAG-R2-064B','IT BUSINESS SOLUTIONS','Nueva Vizcaya','Villaverde','REBATES','2026-03-10 00:47:49','2026-03-10 00:47:49',5),(1072,'Emergency Procurement','MDRRMO Aglipay','MDRRMO Aglipay Front','SINAG-R2-065A','IT Business Solutions','Quirino','Aglipay','REBATES','2026-03-10 00:47:49','2026-03-10 00:47:49',5),(1073,'Emergency Procurement','MDRRMO Aglipay','MDRRMO Aglipay Office','SINAG-R2-065B','IT BUSINESS SOLUTIONS','Quirino','Aglipay','REBATES','2026-03-10 00:47:49','2026-03-10 00:47:49',5),(1074,'Emergency Procurement','MDRRMO Cabarroguis','MDRRMO Cabarroguis Front','SINAG-R2-066A','IT BUSINESS SOLUTIONS','Quirino','Cabarroguis','REBATES','2026-03-10 00:47:49','2026-03-10 00:47:49',5),(1075,'Emergency Procurement','MDRRMO Cabarroguis','MDRRMO Cabarroguis Office','SINAG-R2-066B','IT BUSINESS SOLUTIONS','Quirino','Cabarroguis','REBATES','2026-03-10 00:47:49','2026-03-10 00:47:49',5),(1076,'Emergency Procurement','MDRRMO Diffun','MDRRMO Diffun Front','SINAG-R2-067A','IT BUSINESS SOLUTIONS','Quirino','Diffun','REBATES','2026-03-10 00:47:49','2026-03-10 00:47:49',5),(1077,'Emergency Procurement','MDRRMO Diffun','MDRRMO Diffun Office','SINAG-R2-067B','IT BUSINESS SOLUTIONS','Quirino','Diffun','REBATES','2026-03-10 00:47:49','2026-03-10 00:47:49',5),(1078,'Emergency Procurement','MDRRMO Maddela','MDRRMO Maddela Lobby','SINAG-R2-068A','IT BUSINESS SOLUTIONS','Quirino','Maddela','REBATES','2026-03-10 00:47:49','2026-03-10 00:47:49',5),(1079,'Emergency Procurement','MDRRMO Maddela','MDRRMO Maddela Auxiliary Office','SINAG-R2-068B','IT BUSINESS SOLUTIONS','Quirino','Maddela','REBATES','2026-03-10 00:47:49','2026-03-10 00:47:49',5),(1080,'Emergency Procurement','MDRRMO Nagtipunan','MDRRMO Nagtipunan Emergency Operations Center','SINAG-R2-069A','IT BUSINESS SOLUTIONS','Quirino','Nagtipunan','REBATES','2026-03-10 00:47:49','2026-03-10 00:47:49',5),(1081,'Emergency Procurement','MDRRMO Nagtipunan','MDRRMO Nagtipunan Front','SINAG-R2-069B','IT BUSINESS SOLUTIONS','Quirino','Nagtipunan','REBATES','2026-03-10 00:47:49','2026-03-10 00:47:49',5),(1082,'Emergency Procurement','MDRRMO Saguday','MDRRMO Saguday Front','SINAG-R2-070A','IT BUSINESS SOLUTIONS','Quirino','Saguday','REBATES','2026-03-10 00:47:49','2026-03-10 00:47:49',5),(1083,'Emergency Procurement','MDRRMO Saguday','MDRRMO Saguday Evacuation Center','SINAG-R2-070B','IT BUSINESS SOLUTIONS','Quirino','Saguday','REBATES','2026-03-10 00:47:49','2026-03-10 00:47:49',5);
/*!40000 ALTER TABLE `sites` ENABLE KEYS */;
UNLOCK TABLES;

--
-- Table structure for table `system_logs`
--

DROP TABLE IF EXISTS `system_logs`;
/*!40101 SET @saved_cs_client     = @@character_set_client */;
/*!40101 SET character_set_client = utf8 */;
CREATE TABLE `system_logs` (
  `id` int(11) NOT NULL AUTO_INCREMENT,
  `timestamp` timestamp NOT NULL DEFAULT current_timestamp(),
  `user_id` int(11) DEFAULT NULL,
  `personnel_id` int(11) DEFAULT NULL,
  `action` varchar(100) NOT NULL,
  `entity_type` varchar(50) DEFAULT NULL,
  `entity_id` int(11) DEFAULT NULL,
  `details` longtext CHARACTER SET utf8mb4 COLLATE utf8mb4_bin DEFAULT NULL CHECK (json_valid(`details`)),
  `description` text DEFAULT NULL,
  `ip_address` varchar(45) DEFAULT NULL,
  `user_agent` text DEFAULT NULL,
  `severity` enum('low','medium','high','critical') DEFAULT 'low',
  `status` enum('success','failure','warning') DEFAULT 'success',
  `session_id` varchar(255) DEFAULT NULL,
  PRIMARY KEY (`id`),
  KEY `idx_timestamp` (`timestamp`),
  KEY `idx_user_id` (`user_id`),
  KEY `idx_action` (`action`),
  KEY `idx_entity` (`entity_type`,`entity_id`),
  KEY `idx_severity` (`severity`),
  KEY `personnel_id` (`personnel_id`),
  CONSTRAINT `system_logs_ibfk_1` FOREIGN KEY (`user_id`) REFERENCES `users` (`id`) ON DELETE SET NULL,
  CONSTRAINT `system_logs_ibfk_2` FOREIGN KEY (`personnel_id`) REFERENCES `personnels` (`id`) ON DELETE SET NULL
) ENGINE=InnoDB AUTO_INCREMENT=94 DEFAULT CHARSET=utf8mb4 COLLATE=utf8mb4_general_ci;
/*!40101 SET character_set_client = @saved_cs_client */;

--
-- Dumping data for table `system_logs`
--

LOCK TABLES `system_logs` WRITE;
/*!40000 ALTER TABLE `system_logs` DISABLE KEYS */;
INSERT INTO `system_logs` VALUES (36,'2026-03-17 09:32:15',1,1,'audit_log_accessed',NULL,NULL,'{\"page\":\"systemlog.php\",\"user_id\":1}','Audit log accessed','::1','Mozilla/5.0 (Windows NT 10.0; Win64; x64) AppleWebKit/537.36 (KHTML, like Gecko) Chrome/145.0.0.0 Safari/537.36','low','success','3hp6dreou4krr11eqf5a3np0eh'),(37,'2026-03-17 09:32:26',1,1,'audit_log_accessed',NULL,NULL,'{\"page\":\"systemlog.php\",\"user_id\":1}','Audit log accessed','::1','Mozilla/5.0 (Windows NT 10.0; Win64; x64) AppleWebKit/537.36 (KHTML, like Gecko) Chrome/145.0.0.0 Safari/537.36','low','success','3hp6dreou4krr11eqf5a3np0eh'),(38,'2026-03-17 09:32:36',1,1,'audit_log_accessed',NULL,NULL,'{\"page\":\"systemlog.php\",\"user_id\":1}','Audit log accessed','::1','Mozilla/5.0 (Windows NT 10.0; Win64; x64) AppleWebKit/537.36 (KHTML, like Gecko) Chrome/145.0.0.0 Safari/537.36','low','success','3hp6dreou4krr11eqf5a3np0eh'),(39,'2026-03-17 09:35:21',1,1,'ticket_created','ticket',26,'{\"ticket_number\":\"F-SMART-2026-0012\",\"site_id\":1044,\"subject\":\"Down na down\",\"status\":\"OPEN\",\"created_by\":1,\"entity_type\":\"ticket\",\"entity_id\":\"26\"}','Ticket #F-SMART-2026-0012 created for site ','::1','Mozilla/5.0 (Windows NT 10.0; Win64; x64) AppleWebKit/537.36 (KHTML, like Gecko) Chrome/145.0.0.0 Safari/537.36','low','success','3hp6dreou4krr11eqf5a3np0eh'),(40,'2026-03-17 09:35:21',1,1,'ticket_created','ticket',27,'{\"ticket_number\":\"F-SMART-2026-0013\",\"site_id\":967,\"subject\":\"Down na down\",\"status\":\"OPEN\",\"created_by\":1,\"entity_type\":\"ticket\",\"entity_id\":\"27\"}','Ticket #F-SMART-2026-0013 created for site ','::1','Mozilla/5.0 (Windows NT 10.0; Win64; x64) AppleWebKit/537.36 (KHTML, like Gecko) Chrome/145.0.0.0 Safari/537.36','low','success','3hp6dreou4krr11eqf5a3np0eh'),(41,'2026-03-17 09:36:14',1,1,'audit_log_accessed',NULL,NULL,'{\"page\":\"systemlog.php\",\"user_id\":1}','Audit log accessed','::1','Mozilla/5.0 (Windows NT 10.0; Win64; x64) AppleWebKit/537.36 (KHTML, like Gecko) Chrome/145.0.0.0 Safari/537.36','low','success','3hp6dreou4krr11eqf5a3np0eh'),(42,'2026-03-17 09:37:02',1,1,'audit_log_accessed',NULL,NULL,'{\"page\":\"systemlog.php\",\"user_id\":1}','Audit log accessed','::1','Mozilla/5.0 (Windows NT 10.0; Win64; x64) AppleWebKit/537.36 (KHTML, like Gecko) Chrome/145.0.0.0 Safari/537.36','low','success','3hp6dreou4krr11eqf5a3np0eh'),(43,'2026-03-17 09:40:24',1,1,'audit_log_accessed',NULL,NULL,'{\"page\":\"systemlog.php\",\"user_id\":1}','Audit log accessed','::1','Mozilla/5.0 (Windows NT 10.0; Win64; x64) AppleWebKit/537.36 (KHTML, like Gecko) Chrome/145.0.0.0 Safari/537.36','low','success','3hp6dreou4krr11eqf5a3np0eh'),(44,'2026-03-17 09:40:52',1,1,'audit_log_accessed',NULL,NULL,'{\"page\":\"systemlog.php\",\"user_id\":1}','Audit log accessed','::1','Mozilla/5.0 (Windows NT 10.0; Win64; x64) AppleWebKit/537.36 (KHTML, like Gecko) Chrome/145.0.0.0 Safari/537.36','low','success','3hp6dreou4krr11eqf5a3np0eh'),(45,'2026-03-17 09:41:27',1,1,'audit_log_accessed',NULL,NULL,'{\"page\":\"systemlog.php\",\"user_id\":1}','Audit log accessed','::1','Mozilla/5.0 (Windows NT 10.0; Win64; x64) AppleWebKit/537.36 (KHTML, like Gecko) Chrome/145.0.0.0 Safari/537.36','low','success','3hp6dreou4krr11eqf5a3np0eh'),(46,'2026-03-17 09:41:36',1,1,'audit_log_accessed',NULL,NULL,'{\"page\":\"systemlog.php\",\"user_id\":1}','Audit log accessed','::1','Mozilla/5.0 (Windows NT 10.0; Win64; x64) AppleWebKit/537.36 (KHTML, like Gecko) Chrome/145.0.0.0 Safari/537.36','low','success','3hp6dreou4krr11eqf5a3np0eh'),(47,'2026-03-17 09:42:12',1,1,'audit_log_accessed',NULL,NULL,'{\"page\":\"systemlog.php\",\"user_id\":1}','Audit log accessed','::1','Mozilla/5.0 (Windows NT 10.0; Win64; x64) AppleWebKit/537.36 (KHTML, like Gecko) Chrome/145.0.0.0 Safari/537.36','low','success','3hp6dreou4krr11eqf5a3np0eh'),(48,'2026-03-17 09:46:31',1,1,'audit_log_accessed',NULL,NULL,'{\"page\":\"systemlog.php\",\"user_id\":1}','Audit log accessed','::1','Mozilla/5.0 (Windows NT 10.0; Win64; x64) AppleWebKit/537.36 (KHTML, like Gecko) Chrome/145.0.0.0 Safari/537.36','low','success','3hp6dreou4krr11eqf5a3np0eh'),(49,'2026-03-18 06:26:54',1,1,'login_success',NULL,NULL,'{\"username\":\"JANET.CATINOY@DICT.GOV.PH\",\"user_id\":1,\"role\":\"admin\"}','User logged in successfully','::1','Mozilla/5.0 (Windows NT 10.0; Win64; x64) AppleWebKit/537.36 (KHTML, like Gecko) Chrome/146.0.0.0 Safari/537.36','low','success','doc18itb49aq82rpbk8gr1tipn'),(50,'2026-03-18 06:28:09',1,1,'audit_log_accessed',NULL,NULL,'{\"page\":\"systemlog.php\",\"user_id\":1}','Audit log accessed','::1','Mozilla/5.0 (Windows NT 10.0; Win64; x64) AppleWebKit/537.36 (KHTML, like Gecko) Chrome/146.0.0.0 Safari/537.36','low','success','doc18itb49aq82rpbk8gr1tipn'),(51,'2026-03-18 06:39:25',1,1,'audit_log_accessed',NULL,NULL,'{\"page\":\"systemlog.php\",\"user_id\":1}','Audit log accessed','::1','Mozilla/5.0 (Windows NT 10.0; Win64; x64) AppleWebKit/537.36 (KHTML, like Gecko) Chrome/146.0.0.0 Safari/537.36','low','success','doc18itb49aq82rpbk8gr1tipn'),(52,'2026-03-18 08:54:39',1,1,'audit_log_accessed',NULL,NULL,'{\"page\":\"systemlog.php\",\"user_id\":1}','Audit log accessed','::1','Mozilla/5.0 (Windows NT 10.0; Win64; x64) AppleWebKit/537.36 (KHTML, like Gecko) Chrome/146.0.0.0 Safari/537.36','low','success','doc18itb49aq82rpbk8gr1tipn'),(53,'2026-03-19 09:37:12',1,1,'login_success',NULL,NULL,'{\"username\":\"JANET.CATINOY@DICT.GOV.PH\",\"user_id\":1,\"role\":\"admin\"}','User logged in successfully','::1','Mozilla/5.0 (Windows NT 10.0; Win64; x64) AppleWebKit/537.36 (KHTML, like Gecko) Chrome/146.0.0.0 Safari/537.36','low','success','6ba71r9k0pj35vo9s5tlkjvjbt'),(54,'2026-03-23 05:11:53',1,1,'login_success',NULL,NULL,'{\"username\":\"JANET.CATINOY@DICT.GOV.PH\",\"user_id\":1,\"role\":\"admin\"}','User logged in successfully','::1','Mozilla/5.0 (Windows NT 10.0; Win64; x64) AppleWebKit/537.36 (KHTML, like Gecko) Chrome/146.0.0.0 Safari/537.36','low','success','7pfherf1hkt94hiak2djv1ht4j'),(55,'2026-03-23 06:43:26',1,1,'audit_log_accessed',NULL,NULL,'{\"page\":\"systemlog.php\",\"user_id\":1}','Audit log accessed','::1','Mozilla/5.0 (Windows NT 10.0; Win64; x64) AppleWebKit/537.36 (KHTML, like Gecko) Chrome/146.0.0.0 Safari/537.36','low','success','7pfherf1hkt94hiak2djv1ht4j'),(56,'2026-03-23 07:09:03',1,1,'auto_close','ticket',15,'{\"reason\":\"resolved 7 days\",\"auto_close\":true,\"entity_type\":\"ticket\",\"entity_id\":15}','Auto close','::1','Mozilla/5.0 (Windows NT 10.0; Win64; x64) AppleWebKit/537.36 (KHTML, like Gecko) Chrome/146.0.0.0 Safari/537.36','low','success','7pfherf1hkt94hiak2djv1ht4j'),(57,'2026-03-23 07:09:03',1,1,'auto_close','ticket',16,'{\"reason\":\"resolved 7 days\",\"auto_close\":true,\"entity_type\":\"ticket\",\"entity_id\":16}','Auto close','::1','Mozilla/5.0 (Windows NT 10.0; Win64; x64) AppleWebKit/537.36 (KHTML, like Gecko) Chrome/146.0.0.0 Safari/537.36','low','success','7pfherf1hkt94hiak2djv1ht4j'),(58,'2026-03-23 07:09:03',1,1,'auto_close','ticket',17,'{\"reason\":\"resolved 7 days\",\"auto_close\":true,\"entity_type\":\"ticket\",\"entity_id\":17}','Auto close','::1','Mozilla/5.0 (Windows NT 10.0; Win64; x64) AppleWebKit/537.36 (KHTML, like Gecko) Chrome/146.0.0.0 Safari/537.36','low','success','7pfherf1hkt94hiak2djv1ht4j'),(59,'2026-03-23 07:12:54',1,1,'audit_log_accessed',NULL,NULL,'{\"page\":\"systemlog.php\",\"user_id\":1}','Audit log accessed','::1','Mozilla/5.0 (Windows NT 10.0; Win64; x64) AppleWebKit/537.36 (KHTML, like Gecko) Chrome/146.0.0.0 Safari/537.36','low','success','7pfherf1hkt94hiak2djv1ht4j'),(60,'2026-03-23 07:42:35',1,1,'audit_log_accessed',NULL,NULL,'{\"page\":\"systemlog.php\",\"user_id\":1}','Audit log accessed','::1','Mozilla/5.0 (Windows NT 10.0; Win64; x64) AppleWebKit/537.36 (KHTML, like Gecko) Chrome/146.0.0.0 Safari/537.36','low','success','7pfherf1hkt94hiak2djv1ht4j'),(61,'2026-03-23 07:44:50',1,1,'audit_log_accessed',NULL,NULL,'{\"page\":\"systemlog.php\",\"user_id\":1}','Audit log accessed','::1','Mozilla/5.0 (Windows NT 10.0; Win64; x64) AppleWebKit/537.36 (KHTML, like Gecko) Chrome/146.0.0.0 Safari/537.36','low','success','7pfherf1hkt94hiak2djv1ht4j'),(62,'2026-03-23 07:58:08',1,1,'logout',NULL,NULL,'{\"user_id\":1,\"username\":\"JANET T. CATINOY\",\"session_duration\":9975}','User logged out','::1','Mozilla/5.0 (Windows NT 10.0; Win64; x64) AppleWebKit/537.36 (KHTML, like Gecko) Chrome/146.0.0.0 Safari/537.36','low','success','7pfherf1hkt94hiak2djv1ht4j'),(63,'2026-03-23 07:58:14',4,5,'login_success',NULL,NULL,'{\"username\":\"RITO.BANAN@DICT.GOV.PH\",\"user_id\":4,\"role\":\"admin\"}','User logged in successfully','::1','Mozilla/5.0 (Windows NT 10.0; Win64; x64) AppleWebKit/537.36 (KHTML, like Gecko) Chrome/146.0.0.0 Safari/537.36','low','success','aln86him9qjutce9hpdcq894am'),(64,'2026-03-23 08:48:30',4,5,'logout',NULL,NULL,'{\"user_id\":4,\"username\":\"RITO G. BANAN\",\"session_duration\":3016}','User logged out','::1','Mozilla/5.0 (Windows NT 10.0; Win64; x64) AppleWebKit/537.36 (KHTML, like Gecko) Chrome/146.0.0.0 Safari/537.36','low','success','aln86him9qjutce9hpdcq894am'),(65,'2026-03-23 08:48:40',1,1,'login_success',NULL,NULL,'{\"username\":\"JANET.CATINOY@DICT.GOV.PH\",\"user_id\":1,\"role\":\"admin\"}','User logged in successfully','::1','Mozilla/5.0 (Windows NT 10.0; Win64; x64) AppleWebKit/537.36 (KHTML, like Gecko) Chrome/146.0.0.0 Safari/537.36','low','success','sq2q1n6di2k55q845qtnavg1b4'),(66,'2026-03-23 09:11:20',1,1,'audit_log_accessed',NULL,NULL,'{\"page\":\"systemlog.php\",\"user_id\":1}','Audit log accessed','::1','Mozilla/5.0 (Windows NT 10.0; Win64; x64) AppleWebKit/537.36 (KHTML, like Gecko) Chrome/146.0.0.0 Safari/537.36','low','success','sq2q1n6di2k55q845qtnavg1b4'),(67,'2026-03-23 09:17:41',1,1,'audit_log_accessed',NULL,NULL,'{\"page\":\"systemlog.php\",\"user_id\":1}','Audit log accessed','::1','Mozilla/5.0 (Windows NT 10.0; Win64; x64) AppleWebKit/537.36 (KHTML, like Gecko) Chrome/146.0.0.0 Safari/537.36','low','success','sq2q1n6di2k55q845qtnavg1b4'),(68,'2026-03-23 09:22:49',1,1,'audit_log_accessed',NULL,NULL,'{\"page\":\"systemlog.php\",\"user_id\":1}','Audit log accessed','::1','Mozilla/5.0 (Windows NT 10.0; Win64; x64) AppleWebKit/537.36 (KHTML, like Gecko) Chrome/146.0.0.0 Safari/537.36','low','success','sq2q1n6di2k55q845qtnavg1b4'),(69,'2026-03-23 09:24:24',1,1,'audit_log_accessed',NULL,NULL,'{\"page\":\"systemlog.php\",\"user_id\":1}','Audit log accessed','::1','Mozilla/5.0 (Windows NT 10.0; Win64; x64) AppleWebKit/537.36 (KHTML, like Gecko) Chrome/146.0.0.0 Safari/537.36','low','success','sq2q1n6di2k55q845qtnavg1b4'),(70,'2026-03-23 09:27:55',1,1,'ticket_created','ticket',28,'{\"ticket_number\":\"F-SMART-2026-0014\",\"site_id\":1048,\"subject\":\"NMS is Down\",\"status\":\"OPEN\",\"created_by\":1,\"entity_type\":\"ticket\",\"entity_id\":\"28\"}','Ticket #F-SMART-2026-0014 created for site ','::1','Mozilla/5.0 (Windows NT 10.0; Win64; x64) AppleWebKit/537.36 (KHTML, like Gecko) Chrome/146.0.0.0 Safari/537.36','low','success','sq2q1n6di2k55q845qtnavg1b4'),(71,'2026-03-23 09:27:55',1,1,'ticket_created','ticket',29,'{\"ticket_number\":\"F-SMART-2026-0015\",\"site_id\":1050,\"subject\":\"NMS is Down\",\"status\":\"OPEN\",\"created_by\":1,\"entity_type\":\"ticket\",\"entity_id\":\"29\"}','Ticket #F-SMART-2026-0015 created for site ','::1','Mozilla/5.0 (Windows NT 10.0; Win64; x64) AppleWebKit/537.36 (KHTML, like Gecko) Chrome/146.0.0.0 Safari/537.36','low','success','sq2q1n6di2k55q845qtnavg1b4'),(72,'2026-03-23 09:27:55',1,1,'ticket_created','ticket',30,'{\"ticket_number\":\"F-SMART-2026-0016\",\"site_id\":1051,\"subject\":\"NMS is Down\",\"status\":\"OPEN\",\"created_by\":1,\"entity_type\":\"ticket\",\"entity_id\":\"30\"}','Ticket #F-SMART-2026-0016 created for site ','::1','Mozilla/5.0 (Windows NT 10.0; Win64; x64) AppleWebKit/537.36 (KHTML, like Gecko) Chrome/146.0.0.0 Safari/537.36','low','success','sq2q1n6di2k55q845qtnavg1b4'),(73,'2026-03-23 09:52:13',1,1,'logout',NULL,NULL,'{\"user_id\":1,\"username\":\"JANET T. CATINOY\",\"session_duration\":3813}','User logged out','::1','Mozilla/5.0 (Windows NT 10.0; Win64; x64) AppleWebKit/537.36 (KHTML, like Gecko) Chrome/146.0.0.0 Safari/537.36','low','success','sq2q1n6di2k55q845qtnavg1b4'),(74,'2026-03-23 09:52:27',4,5,'login_success',NULL,NULL,'{\"username\":\"RITO.BANAN@DICT.GOV.PH\",\"user_id\":4,\"role\":\"admin\"}','User logged in successfully','::1','Mozilla/5.0 (Windows NT 10.0; Win64; x64) AppleWebKit/537.36 (KHTML, like Gecko) Chrome/146.0.0.0 Safari/537.36','low','success','vm4ae2ag0v3nqbt7ktk446mcde'),(75,'2026-03-23 09:52:42',4,5,'audit_log_accessed',NULL,NULL,'{\"page\":\"systemlog.php\",\"user_id\":4}','Audit log accessed','::1','Mozilla/5.0 (Windows NT 10.0; Win64; x64) AppleWebKit/537.36 (KHTML, like Gecko) Chrome/146.0.0.0 Safari/537.36','low','success','vm4ae2ag0v3nqbt7ktk446mcde'),(76,'2026-03-23 09:53:08',4,5,'logout',NULL,NULL,'{\"user_id\":4,\"username\":\"RITO G. BANAN\",\"session_duration\":41}','User logged out','::1','Mozilla/5.0 (Windows NT 10.0; Win64; x64) AppleWebKit/537.36 (KHTML, like Gecko) Chrome/146.0.0.0 Safari/537.36','low','success','vm4ae2ag0v3nqbt7ktk446mcde'),(77,'2026-03-23 23:50:14',1,1,'login_success',NULL,NULL,'{\"username\":\"JANET.CATINOY@DICT.GOV.PH\",\"user_id\":1,\"role\":\"admin\"}','User logged in successfully','::1','Mozilla/5.0 (Windows NT 10.0; Win64; x64) AppleWebKit/537.36 (KHTML, like Gecko) Chrome/146.0.0.0 Safari/537.36','low','success','rspiafiofjguodvkdteets99cn'),(78,'2026-03-23 23:50:31',1,1,'audit_log_accessed',NULL,NULL,'{\"page\":\"systemlog.php\",\"user_id\":1}','Audit log accessed','::1','Mozilla/5.0 (Windows NT 10.0; Win64; x64) AppleWebKit/537.36 (KHTML, like Gecko) Chrome/146.0.0.0 Safari/537.36','low','success','rspiafiofjguodvkdteets99cn'),(79,'2026-03-24 00:02:31',1,1,'audit_log_accessed',NULL,NULL,'{\"page\":\"systemlog.php\",\"user_id\":1}','Audit log accessed','::1','Mozilla/5.0 (Windows NT 10.0; Win64; x64) AppleWebKit/537.36 (KHTML, like Gecko) Chrome/146.0.0.0 Safari/537.36','low','success','rspiafiofjguodvkdteets99cn'),(80,'2026-03-24 08:43:49',1,1,'auto_close','ticket',22,'{\"reason\":\"resolved 7 days\",\"auto_close\":true,\"entity_type\":\"ticket\",\"entity_id\":22}','Auto close','::1','Mozilla/5.0 (Windows NT 10.0; Win64; x64) AppleWebKit/537.36 (KHTML, like Gecko) Chrome/146.0.0.0 Safari/537.36','low','success','rspiafiofjguodvkdteets99cn'),(81,'2026-03-24 08:44:37',1,1,'audit_log_accessed',NULL,NULL,'{\"page\":\"systemlog.php\",\"user_id\":1}','Audit log accessed','::1','Mozilla/5.0 (Windows NT 10.0; Win64; x64) AppleWebKit/537.36 (KHTML, like Gecko) Chrome/146.0.0.0 Safari/537.36','low','success','rspiafiofjguodvkdteets99cn'),(82,'2026-03-25 03:34:19',1,1,'login_success',NULL,NULL,'{\"username\":\"JANET.CATINOY@DICT.GOV.PH\",\"user_id\":1,\"role\":\"admin\"}','User logged in successfully','::1','Mozilla/5.0 (Windows NT 10.0; Win64; x64) AppleWebKit/537.36 (KHTML, like Gecko) Chrome/146.0.0.0 Safari/537.36','low','success','115ohdekk0r6ubeoe1c4cdfdfu'),(83,'2026-03-25 03:40:44',1,1,'audit_log_accessed',NULL,NULL,'{\"page\":\"systemlog.php\",\"user_id\":1}','Audit log accessed','::1','Mozilla/5.0 (Windows NT 10.0; Win64; x64) AppleWebKit/537.36 (KHTML, like Gecko) Chrome/146.0.0.0 Safari/537.36','low','success','115ohdekk0r6ubeoe1c4cdfdfu'),(84,'2026-03-25 03:40:56',1,1,'audit_log_accessed',NULL,NULL,'{\"page\":\"systemlog.php\",\"user_id\":1}','Audit log accessed','::1','Mozilla/5.0 (Windows NT 10.0; Win64; x64) AppleWebKit/537.36 (KHTML, like Gecko) Chrome/146.0.0.0 Safari/537.36','low','success','115ohdekk0r6ubeoe1c4cdfdfu'),(85,'2026-03-25 06:39:36',1,1,'audit_log_accessed',NULL,NULL,'{\"page\":\"systemlog.php\",\"user_id\":1}','Audit log accessed','::1','Mozilla/5.0 (Windows NT 10.0; Win64; x64) AppleWebKit/537.36 (KHTML, like Gecko) Chrome/146.0.0.0 Safari/537.36','low','success','115ohdekk0r6ubeoe1c4cdfdfu'),(86,'2026-03-25 06:40:40',1,1,'audit_log_accessed',NULL,NULL,'{\"page\":\"systemlog.php\",\"user_id\":1}','Audit log accessed','::1','Mozilla/5.0 (Windows NT 10.0; Win64; x64) AppleWebKit/537.36 (KHTML, like Gecko) Chrome/146.0.0.0 Safari/537.36','low','success','115ohdekk0r6ubeoe1c4cdfdfu'),(87,'2026-03-25 06:40:45',1,1,'audit_log_accessed',NULL,NULL,'{\"page\":\"systemlog.php\",\"user_id\":1}','Audit log accessed','::1','Mozilla/5.0 (Windows NT 10.0; Win64; x64) AppleWebKit/537.36 (KHTML, like Gecko) Chrome/146.0.0.0 Safari/537.36','low','success','115ohdekk0r6ubeoe1c4cdfdfu'),(88,'2026-03-25 06:41:29',1,1,'audit_log_accessed',NULL,NULL,'{\"page\":\"systemlog.php\",\"user_id\":1}','Audit log accessed','::1','Mozilla/5.0 (Windows NT 10.0; Win64; x64) AppleWebKit/537.36 (KHTML, like Gecko) Chrome/146.0.0.0 Safari/537.36','low','success','115ohdekk0r6ubeoe1c4cdfdfu'),(89,'2026-03-25 06:41:34',1,1,'audit_log_accessed',NULL,NULL,'{\"page\":\"systemlog.php\",\"user_id\":1}','Audit log accessed','::1','Mozilla/5.0 (Windows NT 10.0; Win64; x64) AppleWebKit/537.36 (KHTML, like Gecko) Chrome/146.0.0.0 Safari/537.36','low','success','115ohdekk0r6ubeoe1c4cdfdfu'),(90,'2026-03-25 06:41:38',1,1,'backup_created',NULL,NULL,'{\"backup_type\":\"full\",\"filename\":\"db_backup_2026-03-25_07-41-38.sql, fs_backup_2026-03-25_07-41-38\",\"filepath\":\"..\\/backups\\/db_backup_2026-03-25_07-41-38.sql, ..\\/backups\\/fs_backup_2026-03-25_07-41-38\\/\",\"size\":2001965,\"description\":\"Backup created successfully: full backup\"}','Backup created successfully: full backup','::1','Mozilla/5.0 (Windows NT 10.0; Win64; x64) AppleWebKit/537.36 (KHTML, like Gecko) Chrome/146.0.0.0 Safari/537.36','medium','success','115ohdekk0r6ubeoe1c4cdfdfu'),(91,'2026-03-25 06:41:41',1,1,'audit_log_accessed',NULL,NULL,'{\"page\":\"systemlog.php\",\"user_id\":1}','Audit log accessed','::1','Mozilla/5.0 (Windows NT 10.0; Win64; x64) AppleWebKit/537.36 (KHTML, like Gecko) Chrome/146.0.0.0 Safari/537.36','low','success','115ohdekk0r6ubeoe1c4cdfdfu'),(92,'2026-03-25 06:48:11',1,1,'backup_deleted',NULL,NULL,'{\"filename\":\"fs_backup_2026-03-25_07-41-38\",\"filepath\":\"..\\/backups\\/fs_backup_2026-03-25_07-41-38\",\"size\":0,\"description\":\"Backup file deleted: fs_backup_2026-03-25_07-41-38\"}','Backup file deleted: fs_backup_2026-03-25_07-41-38','::1','Mozilla/5.0 (Windows NT 10.0; Win64; x64) AppleWebKit/537.36 (KHTML, like Gecko) Chrome/146.0.0.0 Safari/537.36','high','success','115ohdekk0r6ubeoe1c4cdfdfu'),(93,'2026-03-25 06:48:12',1,1,'backup_deleted',NULL,NULL,'{\"filename\":\"db_backup_2026-03-25_07-41-38.sql\",\"filepath\":\"..\\/backups\\/db_backup_2026-03-25_07-41-38.sql\",\"size\":89439,\"description\":\"Backup file deleted: db_backup_2026-03-25_07-41-38.sql\"}','Backup file deleted: db_backup_2026-03-25_07-41-38.sql','::1','Mozilla/5.0 (Windows NT 10.0; Win64; x64) AppleWebKit/537.36 (KHTML, like Gecko) Chrome/146.0.0.0 Safari/537.36','high','success','115ohdekk0r6ubeoe1c4cdfdfu');
/*!40000 ALTER TABLE `system_logs` ENABLE KEYS */;
UNLOCK TABLES;

--
-- Table structure for table `ticket_counter`
--

DROP TABLE IF EXISTS `ticket_counter`;
/*!40101 SET @saved_cs_client     = @@character_set_client */;
/*!40101 SET character_set_client = utf8 */;
CREATE TABLE `ticket_counter` (
  `year` int(11) NOT NULL,
  `counter` int(11) NOT NULL DEFAULT 0,
  `updated_at` timestamp NOT NULL DEFAULT current_timestamp() ON UPDATE current_timestamp(),
  PRIMARY KEY (`year`)
) ENGINE=InnoDB DEFAULT CHARSET=utf8mb4 COLLATE=utf8mb4_general_ci;
/*!40101 SET character_set_client = @saved_cs_client */;

--
-- Dumping data for table `ticket_counter`
--

LOCK TABLES `ticket_counter` WRITE;
/*!40000 ALTER TABLE `ticket_counter` DISABLE KEYS */;
INSERT INTO `ticket_counter` VALUES (2026,16,'2026-03-23 09:27:55');
/*!40000 ALTER TABLE `ticket_counter` ENABLE KEYS */;
UNLOCK TABLES;

--
-- Table structure for table `tickets`
--

DROP TABLE IF EXISTS `tickets`;
/*!40101 SET @saved_cs_client     = @@character_set_client */;
/*!40101 SET character_set_client = utf8 */;
CREATE TABLE `tickets` (
  `id` int(11) NOT NULL AUTO_INCREMENT,
  `ticket_number` varchar(30) NOT NULL,
  `subject` varchar(150) DEFAULT NULL,
  `site_id` int(11) NOT NULL,
  `created_by` int(11) NOT NULL,
  `status` varchar(50) NOT NULL DEFAULT 'OPEN',
  `notes` varchar(255) DEFAULT NULL,
  `created_at` timestamp NOT NULL DEFAULT current_timestamp(),
  `updated_at` timestamp NOT NULL DEFAULT current_timestamp() ON UPDATE current_timestamp(),
  `solved_date` datetime DEFAULT NULL,
  `duration` int(11) DEFAULT NULL COMMENT 'Duration in minutes between downtime_start and downtime_end',
  PRIMARY KEY (`id`),
  UNIQUE KEY `ticket_number` (`ticket_number`),
  KEY `ticket_number_2` (`ticket_number`),
  KEY `site_id` (`site_id`),
  KEY `created_by` (`created_by`),
  CONSTRAINT `tickets_ibfk_1` FOREIGN KEY (`site_id`) REFERENCES `sites` (`id`) ON DELETE CASCADE,
  CONSTRAINT `tickets_ibfk_2` FOREIGN KEY (`created_by`) REFERENCES `personnels` (`id`)
) ENGINE=InnoDB AUTO_INCREMENT=31 DEFAULT CHARSET=utf8mb4 COLLATE=utf8mb4_general_ci;
/*!40101 SET character_set_client = @saved_cs_client */;

--
-- Dumping data for table `tickets`
--

LOCK TABLES `tickets` WRITE;
/*!40000 ALTER TABLE `tickets` DISABLE KEYS */;
INSERT INTO `tickets` VALUES (15,'F-SMART-2026-0001','NMS is Down',941,1,'CLOSED','','2026-03-06 06:40:39','2026-03-23 07:09:03','2026-03-11 13:42:03',7141),(16,'F-SMART-2026-0002','NMS is Down',940,1,'CLOSED','','2026-03-06 06:40:39','2026-03-23 07:09:03','2026-03-11 13:34:04',7133),(17,'F-SMART-2026-0003','NMS is Down',904,1,'CLOSED','','2026-03-06 06:40:39','2026-03-23 07:09:03','2026-03-10 10:11:00',5490),(18,'F-SMART-2026-0004','NMS DOWN',921,1,'IN_PROGRESS','','2026-03-09 03:59:26','2026-03-25 06:47:57',NULL,23208),(19,'F-SMART-2026-0005','NMS is Down',1042,5,'IN_PROGRESS','','2026-03-10 00:49:42','2026-03-25 06:47:57',NULL,21958),(20,'F-SMART-2026-0006','NMS is Down',1043,5,'IN_PROGRESS','','2026-03-10 00:49:42','2026-03-25 06:47:57',NULL,21958),(21,'F-SMART-2026-0007','NMS is Down',966,5,'IN_PROGRESS','','2026-03-10 00:49:42','2026-03-25 06:47:57',NULL,21958),(22,'F-SMART-2026-0008','Site is Down',941,1,'CLOSED','','2026-03-17 08:18:41','2026-03-24 08:43:49','2026-03-17 16:42:16',23),(23,'F-SMART-2026-0009','Site is Down',904,1,'OPEN','','2026-03-17 08:18:41','2026-03-25 06:47:57',NULL,11429),(24,'F-SMART-2026-0010','Site is Down',905,1,'OPEN','','2026-03-17 08:18:41','2026-03-25 06:47:57',NULL,11429),(25,'F-SMART-2026-0011','Site is Down',940,1,'OPEN','','2026-03-17 08:18:41','2026-03-25 06:47:57',NULL,11429),(26,'F-SMART-2026-0012','Down na down',1044,1,'OPEN','','2026-03-17 09:35:21','2026-03-25 06:47:57',NULL,11352),(27,'F-SMART-2026-0013','Down na down',967,1,'OPEN','','2026-03-17 09:35:21','2026-03-25 06:47:57',NULL,11352),(28,'F-SMART-2026-0014','NMS is Down',1048,1,'OPEN','','2026-03-23 09:27:55','2026-03-25 06:47:57',NULL,2720),(29,'F-SMART-2026-0015','NMS is Down',1050,1,'OPEN','','2026-03-23 09:27:55','2026-03-25 06:47:57',NULL,2720),(30,'F-SMART-2026-0016','NMS is Down',1051,1,'OPEN','','2026-03-23 09:27:55','2026-03-25 06:47:57',NULL,2720);
/*!40000 ALTER TABLE `tickets` ENABLE KEYS */;
UNLOCK TABLES;
/*!50003 SET @saved_cs_client      = @@character_set_client */ ;
/*!50003 SET @saved_cs_results     = @@character_set_results */ ;
/*!50003 SET @saved_col_connection = @@collation_connection */ ;
/*!50003 SET character_set_client  = utf8mb4 */ ;
/*!50003 SET character_set_results = utf8mb4 */ ;
/*!50003 SET collation_connection  = utf8mb4_unicode_ci */ ;
/*!50003 SET @saved_sql_mode       = @@sql_mode */ ;
/*!50003 SET sql_mode              = 'NO_ZERO_IN_DATE,NO_ZERO_DATE,NO_ENGINE_SUBSTITUTION' */ ;
DELIMITER ;;
/*!50003 CREATE*/ /*!50017 DEFINER=`root`@`localhost`*/ /*!50003 TRIGGER trg_compute_duration_insert
BEFORE INSERT ON tickets
FOR EACH ROW
BEGIN
    IF NEW.status IN ('OPEN', 'IN_PROGRESS') THEN
        SET NEW.duration = TIMESTAMPDIFF(MINUTE, NEW.created_at, NOW());
    ELSEIF NEW.status = 'CLOSED' THEN
        SET NEW.duration = TIMESTAMPDIFF(MINUTE, NEW.created_at, NEW.solved_date);
    END IF;
END */;;
DELIMITER ;
/*!50003 SET sql_mode              = @saved_sql_mode */ ;
/*!50003 SET character_set_client  = @saved_cs_client */ ;
/*!50003 SET character_set_results = @saved_cs_results */ ;
/*!50003 SET collation_connection  = @saved_col_connection */ ;
/*!50003 SET @saved_cs_client      = @@character_set_client */ ;
/*!50003 SET @saved_cs_results     = @@character_set_results */ ;
/*!50003 SET @saved_col_connection = @@collation_connection */ ;
/*!50003 SET character_set_client  = utf8mb4 */ ;
/*!50003 SET character_set_results = utf8mb4 */ ;
/*!50003 SET collation_connection  = utf8mb4_unicode_ci */ ;
/*!50003 SET @saved_sql_mode       = @@sql_mode */ ;
/*!50003 SET sql_mode              = 'NO_ZERO_IN_DATE,NO_ZERO_DATE,NO_ENGINE_SUBSTITUTION' */ ;
DELIMITER ;;
/*!50003 CREATE*/ /*!50017 DEFINER=`root`@`localhost`*/ /*!50003 TRIGGER trg_compute_duration
BEFORE UPDATE ON tickets
FOR EACH ROW
BEGIN
    -- If the status is OPEN or IN_PROGRESS, compute duration from created_at to now()
    IF NEW.status IN ('OPEN', 'IN_PROGRESS') THEN
        SET NEW.duration = TIMESTAMPDIFF(MINUTE, NEW.created_at, NOW());
    -- If the status is CLOSED, compute duration from created_at to solved_date
    ELSEIF NEW.status = 'CLOSED' THEN
        SET NEW.duration = TIMESTAMPDIFF(MINUTE, NEW.created_at, NEW.solved_date);
    END IF;
END */;;
DELIMITER ;
/*!50003 SET sql_mode              = @saved_sql_mode */ ;
/*!50003 SET character_set_client  = @saved_cs_client */ ;
/*!50003 SET character_set_results = @saved_cs_results */ ;
/*!50003 SET collation_connection  = @saved_col_connection */ ;
/*!50003 SET @saved_cs_client      = @@character_set_client */ ;
/*!50003 SET @saved_cs_results     = @@character_set_results */ ;
/*!50003 SET @saved_col_connection = @@collation_connection */ ;
/*!50003 SET character_set_client  = utf8mb4 */ ;
/*!50003 SET character_set_results = utf8mb4 */ ;
/*!50003 SET collation_connection  = utf8mb4_unicode_ci */ ;
/*!50003 SET @saved_sql_mode       = @@sql_mode */ ;
/*!50003 SET sql_mode              = 'NO_ZERO_IN_DATE,NO_ZERO_DATE,NO_ENGINE_SUBSTITUTION' */ ;
DELIMITER ;;
/*!50003 CREATE*/ /*!50017 DEFINER=`root`@`localhost`*/ /*!50003 TRIGGER update_ticket_duration
    BEFORE UPDATE ON tickets
    FOR EACH ROW
BEGIN
    IF NEW.status IN ('OPEN', 'IN_PROGRESS') THEN
        SET NEW.duration = TIMESTAMPDIFF(MINUTE, NEW.created_at, NOW());
    ELSEIF NEW.status IN ('RESOLVED', 'CLOSED') THEN
        IF NEW.solved_date IS NOT NULL THEN
            SET NEW.duration = TIMESTAMPDIFF(MINUTE, NEW.created_at, NEW.solved_date);
        END IF;
    END IF;
END */;;
DELIMITER ;
/*!50003 SET sql_mode              = @saved_sql_mode */ ;
/*!50003 SET character_set_client  = @saved_cs_client */ ;
/*!50003 SET character_set_results = @saved_cs_results */ ;
/*!50003 SET collation_connection  = @saved_col_connection */ ;

--
-- Table structure for table `users`
--

DROP TABLE IF EXISTS `users`;
/*!40101 SET @saved_cs_client     = @@character_set_client */;
/*!40101 SET character_set_client = utf8 */;
CREATE TABLE `users` (
  `id` int(11) NOT NULL AUTO_INCREMENT,
  `personnel_id` int(11) NOT NULL,
  `password` varchar(255) NOT NULL,
  `role` enum('admin','user') NOT NULL DEFAULT 'user',
  `status` enum('active','inactive') NOT NULL DEFAULT 'active',
  `created_at` timestamp NOT NULL DEFAULT current_timestamp(),
  `updated_at` timestamp NOT NULL DEFAULT current_timestamp() ON UPDATE current_timestamp(),
  PRIMARY KEY (`id`)
) ENGINE=InnoDB AUTO_INCREMENT=5 DEFAULT CHARSET=utf8mb4 COLLATE=utf8mb4_general_ci;
/*!40101 SET character_set_client = @saved_cs_client */;

--
-- Dumping data for table `users`
--

LOCK TABLES `users` WRITE;
/*!40000 ALTER TABLE `users` DISABLE KEYS */;
INSERT INTO `users` VALUES (1,1,'$2y$10$QmihSLYFfHp/kFUhGsJcneYZXRCQmurTDt.bJEOkmhvzXegQ2HswC','admin','active','2026-03-03 02:49:51','2026-03-03 02:49:51'),(2,3,'$2y$10$5x61qKPrMj7MNnmKtG70eef9nVX2wpYb/Nois8Id3vIrtLDVLItb2','admin','active','2026-03-05 03:57:41','2026-03-10 02:08:05'),(3,2,'$2y$10$dtRvUyZYleCeXrE20YlEkeQTPFQVPlukndFGc2jd/I.sOVTwN2Spm','admin','active','2026-03-05 03:58:14','2026-03-10 02:07:41'),(4,5,'$2y$10$bg0EDE.6.ZlKkH.Fa1c5jO4Y9th18VjolHvKH8YoNcQ8KWfTNt.5K','admin','active','2026-03-05 04:00:16','2026-03-05 08:17:47');
/*!40000 ALTER TABLE `users` ENABLE KEYS */;
UNLOCK TABLES;
/*!40103 SET TIME_ZONE=@OLD_TIME_ZONE */;

/*!40101 SET SQL_MODE=@OLD_SQL_MODE */;
/*!40014 SET FOREIGN_KEY_CHECKS=@OLD_FOREIGN_KEY_CHECKS */;
/*!40014 SET UNIQUE_CHECKS=@OLD_UNIQUE_CHECKS */;
/*!40101 SET CHARACTER_SET_CLIENT=@OLD_CHARACTER_SET_CLIENT */;
/*!40101 SET CHARACTER_SET_RESULTS=@OLD_CHARACTER_SET_RESULTS */;
/*!40101 SET COLLATION_CONNECTION=@OLD_COLLATION_CONNECTION */;
/*!40111 SET SQL_NOTES=@OLD_SQL_NOTES */;

-- Dump completed on 2026-03-25 14:48:15
